creationDate,startDate,endDate,kcalBurned,milesCycled
2016-10-11 15:36:21 -0700,2016-10-11 06:52:27 -0700,2016-10-11 07:29:50 -0700,322.3,7.43601
2016-10-11 15:36:21 -0700,2016-10-08 07:03:06 -0700,2016-10-08 09:40:15 -0700,1405.5,29.7821
2016-10-11 16:54:02 -0700,2016-10-11 15:36:11 -0700,2016-10-11 16:25:49 -0700,306.9,6.98191
2016-10-16 10:53:47 -0700,2016-10-16 07:04:37 -0700,2016-10-16 10:45:33 -0700,2146.7,46.3939
2016-10-18 08:09:04 -0700,2016-10-18 07:16:29 -0700,2016-10-18 07:52:30 -0700,296,6.90281
2016-10-18 19:23:44 -0700,2016-10-18 15:42:50 -0700,2016-10-18 16:16:16 -0700,288.8,6.70795
2016-10-20 07:53:35 -0700,2016-10-20 07:11:53 -0700,2016-10-20 07:50:49 -0700,358.5,7.60049
2016-10-21 16:53:30 -0700,2016-10-21 15:06:40 -0700,2016-10-21 15:44:26 -0700,307.1,6.72759
2016-11-17 09:04:34 -0700,2016-11-05 07:09:01 -0700,2016-11-05 12:18:20 -0700,2190.2,47.7409
2016-11-17 09:04:34 -0700,2016-11-03 15:35:22 -0700,2016-11-03 16:01:05 -0700,182.2,4.33251
2016-11-17 09:04:34 -0700,2016-10-29 09:28:11 -0700,2016-10-29 10:05:40 -0700,243.3,5.51119
2016-11-17 09:04:34 -0700,2016-10-29 11:10:29 -0700,2016-10-29 11:40:54 -0700,302.9,5.93652
2016-11-17 09:04:34 -0700,2016-10-29 12:34:07 -0700,2016-10-29 13:28:00 -0700,384.1,8.69503
2016-11-17 17:44:01 -0700,2016-11-08 17:41:08 -0700,2016-11-08 18:09:17 -0700,186.8,4.35935
2016-11-17 17:44:02 -0700,2016-11-11 08:18:33 -0700,2016-11-11 12:50:26 -0700,1617.2,37.112
2016-11-22 09:11:39 -0700,2016-11-22 08:44:25 -0700,2016-11-22 09:08:45 -0700,155.4,4.59026
2016-11-29 16:29:33 -0700,2016-11-15 16:54:04 -0700,2016-11-15 17:16:49 -0700,199.4,4.38147
2016-12-01 16:32:29 -0700,2016-11-21 18:22:44 -0700,2016-11-21 19:10:29 -0700,177.6,4.58392
2016-12-10 12:26:47 -0700,2016-11-29 16:32:55 -0700,2016-11-29 16:52:14 -0700,161.6,4.36544
2016-12-10 12:26:47 -0700,2016-12-01 16:32:25 -0700,2016-12-01 16:54:22 -0700,162.1,4.40763
2016-12-10 12:26:47 -0700,2016-11-22 16:24:44 -0700,2016-11-22 16:46:58 -0700,154.1,4.45691
2016-12-10 13:19:44 -0700,2016-12-10 12:32:29 -0700,2016-12-10 13:06:55 -0700,163.6,4.48593
2016-12-20 09:10:19 -0700,2016-12-20 08:38:18 -0700,2016-12-20 08:59:59 -0700,140.5,4.46474
2016-12-27 09:05:11 -0700,2016-12-27 08:35:11 -0700,2016-12-27 08:56:46 -0700,144.5,4.4712
2017-01-02 13:04:07 -0700,2016-12-20 16:51:26 -0700,2016-12-20 17:11:36 -0700,146.4,4.3135
2017-01-02 13:37:49 -0700,2017-01-02 12:48:54 -0700,2017-01-02 13:03:54 -0700,127.4,2.18275
2017-01-07 12:18:56 -0700,2016-12-27 16:11:04 -0700,2016-12-27 16:30:41 -0700,140.5,4.32394
2017-01-07 12:18:56 -0700,2016-12-22 15:31:49 -0700,2016-12-22 15:57:15 -0700,140.1,4.37054
2017-01-12 13:38:35 -0700,2016-12-30 08:04:58 -0700,2016-12-30 14:32:47 -0700,1800.5,56.8538
2017-01-12 13:38:35 -0700,2016-12-29 15:32:48 -0700,2016-12-29 15:51:59 -0700,149.1,4.33357
2017-01-12 13:38:35 -0700,2017-01-02 13:14:38 -0700,2017-01-02 13:27:48 -0700,20.4,2.15255
2017-01-16 11:43:04 -0700,2017-01-03 16:41:17 -0700,2017-01-03 17:22:19 -0700,223.1,7.30527
2017-01-16 11:43:04 -0700,2017-01-02 13:14:38 -0700,2017-01-02 13:27:48 -0700,20.4,2.15255
2017-01-18 09:25:20 -0700,2017-01-18 08:41:21 -0700,2017-01-18 09:10:32 -0700,189.1,4.49562
2017-01-18 16:39:04 -0700,2017-01-03 16:41:17 -0700,2017-01-03 17:22:19 -0700,223.1,7.30527
2017-01-18 16:39:04 -0700,2017-01-06 16:33:25 -0700,2017-01-06 17:11:04 -0700,248.3,7.28129
2017-01-24 17:01:21 -0700,2017-01-14 14:42:13 -0700,2017-01-14 15:22:39 -0700,157.4,6.22626
2017-01-24 17:01:21 -0700,2017-01-18 16:39:02 -0700,2017-01-18 17:02:34 -0700,207.3,4.35687
2017-01-31 08:57:03 -0700,2017-01-31 08:34:38 -0700,2017-01-31 08:54:52 -0700,138.8,4.44038
2017-02-02 09:00:16 -0700,2017-01-21 08:08:11 -0700,2017-01-21 11:21:35 -0700,950.7,28.6538
2017-02-02 09:00:16 -0700,2017-01-20 16:24:54 -0700,2017-01-20 17:03:33 -0700,244.1,7.17298
2017-02-02 09:00:16 -0700,2017-01-26 16:32:47 -0700,2017-01-26 17:10:52 -0700,234,7.25849
2017-02-02 09:00:16 -0700,2017-01-28 14:03:12 -0700,2017-01-28 14:41:46 -0700,159.7,5.95143
2017-02-02 09:00:16 -0700,2017-01-29 10:09:55 -0700,2017-01-29 10:52:14 -0700,170.7,7.93963
2017-02-02 11:35:12 -0700,2017-02-02 08:36:23 -0700,2017-02-02 08:59:23 -0700,126.2,4.44976
2017-02-04 08:47:46 -0700,2017-02-04 08:05:01 -0700,2017-02-04 08:36:25 -0700,157.4,6.05365
2017-02-04 13:17:21 -0700,2017-02-04 09:29:57 -0700,2017-02-04 13:03:10 -0700,1244.3,33.5659
2017-02-05 12:20:13 -0700,2017-02-05 11:31:50 -0700,2017-02-05 11:48:21 -0700,113.6,2.19599
2017-02-07 16:33:38 -0700,2017-02-01 15:54:00 -0700,2017-02-01 16:44:27 -0700,288.9,8.34713
2017-02-07 16:33:38 -0700,2017-01-31 16:33:16 -0700,2017-01-31 17:12:17 -0700,230.1,7.22114
2017-02-16 10:10:13 -0700,2017-02-16 08:44:06 -0700,2017-02-16 09:06:22 -0700,138.6,4.46337
2017-02-22 16:46:22 -0700,2017-02-07 17:11:49 -0700,2017-02-07 17:35:05 -0700,94.3,2.87906
2017-02-22 16:46:22 -0700,2017-02-16 16:20:18 -0700,2017-02-16 16:56:51 -0700,241.6,7.36114
2017-02-22 16:46:22 -0700,2017-02-07 16:33:31 -0700,2017-02-07 16:56:58 -0700,189,4.34276
2017-02-22 16:46:22 -0700,2017-02-14 16:45:31 -0700,2017-02-14 17:23:34 -0700,220.3,7.22866
2017-02-22 16:46:22 -0700,2017-02-04 13:58:05 -0700,2017-02-04 14:38:39 -0700,147.8,6.00263
2017-03-01 17:45:10 -0700,2017-02-23 17:20:15 -0700,2017-02-23 17:37:35 -0700,26.4,2.49978
2017-03-09 09:37:47 -0700,2017-03-09 08:34:57 -0700,2017-03-09 08:58:56 -0700,204.3,4.44231
2017-03-11 12:57:54 -0700,2017-03-11 07:58:21 -0700,2017-03-11 12:55:39 -0700,1544.8,48.7153
2017-03-12 15:23:21 -0700,2017-03-12 13:19:22 -0700,2017-03-12 15:04:05 -0700,587.9,20.6527
2017-03-16 08:01:55 -0700,2017-03-14 15:53:25 -0700,2017-03-14 16:19:52 -0700,188.6,4.49661
2017-03-16 08:01:55 -0700,2017-03-09 16:47:16 -0700,2017-03-09 17:16:45 -0700,124.9,4.44287
2017-03-22 07:00:59 -0700,2017-03-16 16:22:59 -0700,2017-03-16 16:44:42 -0700,192.2,4.38359
2017-03-22 08:08:03 -0700,2017-03-21 16:02:28 -0700,2017-03-21 16:26:41 -0700,183.5,4.36992
2017-03-25 15:39:30 -0700,2017-03-25 07:10:38 -0700,2017-03-25 15:33:53 -0700,2424.5,81.3586
2017-03-28 19:32:50 -0700,2017-03-28 15:45:47 -0700,2017-03-28 16:24:30 -0700,351.5,7.45297
2017-03-30 22:09:29 -0700,2017-02-02 16:36:36 -0700,2017-02-02 17:15:16 -0700,227.7,7.23189
2017-04-01 13:13:03 -0700,2017-04-01 07:19:06 -0700,2017-04-01 13:04:45 -0700,2344.2,73.0148
2017-04-07 08:17:35 -0700,2017-04-07 07:33:47 -0700,2017-04-07 07:56:57 -0700,201.9,4.42186
2017-04-07 13:29:00 -0700,2017-03-30 15:54:37 -0700,2017-03-30 16:32:57 -0700,234,7.25209
2017-04-08 06:30:54 -0700,2017-04-07 13:30:23 -0700,2017-04-07 13:52:27 -0700,132.8,4.35233
2017-04-08 11:57:45 -0700,2017-04-08 07:18:00 -0700,2017-04-08 11:46:13 -0700,1795.7,55.0447
2017-04-09 21:17:20 -0700,2017-04-09 16:20:22 -0700,2017-04-09 16:45:04 -0700,97.4,3.09667
2017-04-11 09:07:56 -0700,2017-04-11 07:27:53 -0700,2017-04-11 07:51:32 -0700,137,4.44697
2017-04-13 22:25:47 -0700,2017-04-13 16:40:38 -0700,2017-04-13 17:02:03 -0700,202.4,4.35979
2017-04-29 18:26:22 -0700,2017-04-29 12:45:13 -0700,2017-04-29 14:05:02 -0700,428.7,14.6186
2017-05-02 08:31:15 -0700,2017-05-02 07:42:26 -0700,2017-05-02 08:05:53 -0700,206,4.43212
2017-05-02 15:15:28 -0700,2017-05-02 14:34:45 -0700,2017-05-02 15:13:43 -0700,234.1,7.24836
2017-05-04 08:25:03 -0700,2017-05-04 07:46:53 -0700,2017-05-04 08:09:31 -0700,196.9,4.43
2017-05-06 22:04:23 -0700,2017-05-06 13:00:30 -0700,2017-05-06 14:04:46 -0700,350,11.3641
2017-05-09 18:52:48 -0700,2017-05-09 15:40:30 -0700,2017-05-09 16:22:18 -0700,308.8,7.23779
2017-05-11 08:03:53 -0700,2017-05-11 07:21:48 -0700,2017-05-11 07:48:45 -0700,188.8,4.48673
2017-05-13 14:18:24 -0700,2017-05-13 08:50:45 -0700,2017-05-13 14:14:36 -0700,2105,65.3987
2017-05-16 07:25:15 -0700,2017-05-11 15:40:34 -0700,2017-05-11 16:22:20 -0700,320.6,7.21393
2017-05-19 09:56:08 -0700,2017-05-19 07:37:14 -0700,2017-05-19 08:05:58 -0700,190.9,4.49991
2017-05-20 13:38:27 -0700,2017-05-20 06:54:04 -0700,2017-05-20 13:19:41 -0700,2027,64.9942
2017-05-25 07:29:06 -0700,2017-05-23 15:47:50 -0700,2017-05-23 16:15:03 -0700,172.7,4.39645
2017-05-25 07:58:03 -0700,2017-05-25 07:29:04 -0700,2017-05-25 07:54:34 -0700,183.9,4.51115
2017-05-28 11:01:13 -0700,2017-05-28 10:15:25 -0700,2017-05-28 11:00:12 -0700,178.6,7.0658
2017-05-29 13:40:18 -0700,2017-05-29 06:58:07 -0700,2017-05-29 13:37:40 -0700,2300.8,70.9904
2017-06-06 10:42:45 -0700,2017-06-06 07:50:58 -0700,2017-06-06 08:18:26 -0700,202.2,4.74119
2017-06-06 16:32:02 -0700,2017-06-06 15:43:10 -0700,2017-06-06 16:25:53 -0700,295.7,7.18908
2017-06-15 18:58:23 -0700,2017-06-15 15:26:46 -0700,2017-06-15 16:36:08 -0700,405.6,8.59512
2017-07-16 13:01:32 -0700,2017-06-27 16:25:12 -0700,2017-06-27 16:59:06 -0700,183.1,4.54713
2017-07-16 13:01:32 -0700,2017-06-29 15:46:39 -0700,2017-06-29 16:12:12 -0700,106.7,4.31561
2017-10-29 07:01:32 -0700,2017-08-12 05:34:31 -0700,2017-08-12 05:34:31 -0700,243.895,8.62948
2017-10-29 07:01:32 -0700,2017-08-22 07:41:14 -0700,2017-08-22 07:41:14 -0700,195.913,4.52271
2017-10-29 07:01:32 -0700,2017-08-24 12:55:42 -0700,2017-08-24 12:55:42 -0700,220.353,9.76796
2017-10-29 07:01:32 -0700,2017-08-12 08:31:41 -0700,2017-08-12 08:31:41 -0700,3130.6,91.6703
2017-10-29 07:01:32 -0700,2017-09-03 07:05:13 -0700,2017-09-03 07:05:13 -0700,1704.72,58.6708
2017-10-29 07:01:32 -0700,2017-08-22 16:28:33 -0700,2017-08-22 16:28:33 -0700,194.551,4.29591
2017-10-29 07:01:32 -0700,2017-08-20 06:55:18 -0700,2017-08-20 06:55:18 -0700,1703.71,58.1946
2017-10-29 07:01:32 -0700,2017-08-05 07:59:02 -0700,2017-08-05 07:59:02 -0700,1691.05,56.1921
2017-10-29 07:01:32 -0700,2017-07-30 06:45:12 -0700,2017-07-30 06:45:12 -0700,163.198,6.1051
2017-10-29 07:01:32 -0700,2017-08-13 07:11:41 -0700,2017-08-13 07:11:41 -0700,2055.81,59.5559
2017-10-29 07:01:32 -0700,2017-07-30 14:46:15 -0700,2017-07-30 14:46:15 -0700,158.918,6.30586
2017-10-29 07:01:32 -0700,2017-08-01 17:41:26 -0700,2017-08-01 17:41:26 -0700,125.636,4.33649
2017-10-29 07:01:32 -0700,2017-08-05 15:54:51 -0700,2017-08-05 15:54:51 -0700,17.8506,2.14019
2017-10-29 07:01:32 -0700,2017-09-03 12:04:52 -0700,2017-09-03 12:04:52 -0700,25.3074,2.14417
2017-10-29 07:01:32 -0700,2017-08-01 07:44:18 -0700,2017-08-01 07:44:18 -0700,199.609,4.53557
2017-10-29 07:01:32 -0700,2017-08-24 07:38:56 -0700,2017-08-24 07:38:56 -0700,150.095,4.74411
2017-10-29 07:01:32 -0700,2017-08-24 16:09:21 -0700,2017-08-24 16:09:21 -0700,132.417,3.08331
2017-10-29 07:01:32 -0700,2017-08-13 14:53:52 -0700,2017-08-13 14:53:52 -0700,79.4959,3.11599
2017-10-29 09:41:05 -0700,2017-10-29 07:01:40 -0700,2017-10-29 09:39:23 -0700,939.7,30.5941
2018-01-03 09:07:12 -0700,2018-01-03 08:36:02 -0700,2018-01-03 09:04:20 -0700,197.3,4.48363
2018-01-03 09:52:32 -0700,2018-01-02 16:43:32 -0700,2018-01-02 17:11:47 -0700,184.2,4.38135
2018-01-03 17:14:56 -0700,2018-01-03 16:41:45 -0700,2018-01-03 17:09:22 -0700,189.7,4.36507
2018-01-07 12:07:53 -0700,2018-01-07 09:34:17 -0700,2018-01-07 12:05:44 -0700,1000.6,30.4399
2018-01-12 09:17:27 -0700,2018-01-12 08:46:29 -0700,2018-01-12 09:14:43 -0700,182.6,4.49829
2018-01-13 08:28:58 -0700,2018-01-12 16:31:23 -0700,2018-01-12 16:56:22 -0700,192.8,4.36389
2018-01-14 12:13:09 -0700,2018-01-14 09:52:08 -0700,2018-01-14 12:11:40 -0700,996.2,30.5492
2018-01-17 09:23:29 -0700,2018-01-17 08:44:34 -0700,2018-01-17 09:13:46 -0700,195.8,4.43292
2018-01-19 09:07:59 -0700,2018-01-19 08:37:46 -0700,2018-01-19 09:06:03 -0700,140.9,4.59734
2018-03-08 12:23:32 -0700,2018-02-16 08:43:31 -0700,2018-02-16 09:11:18 -0700,203.5,4.58299
2018-03-08 12:23:32 -0700,2018-02-12 17:00:40 -0700,2018-02-12 17:25:02 -0700,198.2,4.3844
2018-03-09 11:45:38 -0700,2018-02-04 08:29:35 -0700,2018-02-04 12:00:53 -0700,1422.1,42.722
2018-03-09 11:45:38 -0700,2018-02-05 17:00:30 -0700,2018-02-05 17:24:07 -0700,139.6,4.35196
2018-03-09 11:45:38 -0700,2018-02-05 08:38:24 -0700,2018-02-05 09:04:57 -0700,223.6,4.63934
2018-03-09 11:45:39 -0700,2018-01-28 08:59:44 -0700,2018-01-28 11:25:28 -0700,1006.5,30.4972
2018-03-09 11:45:39 -0700,2018-02-02 16:25:40 -0700,2018-02-02 16:49:59 -0700,208.5,4.43379
2018-03-09 11:45:39 -0700,2018-02-09 08:38:39 -0700,2018-02-09 09:03:21 -0700,158.6,4.59255
2018-03-09 11:45:39 -0700,2018-01-22 17:00:08 -0700,2018-01-22 17:24:59 -0700,196.3,4.34575
2018-03-09 11:45:39 -0700,2018-01-22 08:46:39 -0700,2018-01-22 09:15:30 -0700,198.5,4.61927
2018-03-09 11:45:39 -0700,2018-02-02 08:44:08 -0700,2018-02-02 09:10:51 -0700,131.2,4.58591
2018-03-09 11:45:39 -0700,2018-02-07 17:44:10 -0700,2018-02-07 18:01:01 -0700,23.8,2.25943
2018-03-09 11:45:39 -0700,2018-02-09 17:13:42 -0700,2018-02-09 17:40:14 -0700,189.3,4.44796
2018-03-09 11:45:39 -0700,2018-01-19 16:17:31 -0700,2018-01-19 16:42:51 -0700,204.7,4.40459
2018-03-09 11:45:39 -0700,2018-01-21 09:24:50 -0700,2018-01-21 11:23:05 -0700,835.9,25.857
2018-03-09 17:16:27 -0700,2018-02-21 16:31:26 -0700,2018-02-21 16:55:20 -0700,182.9,4.28392
2018-03-09 17:16:27 -0700,2018-03-05 16:45:37 -0700,2018-03-05 17:09:33 -0700,200.3,4.39359
2018-03-12 08:17:26 -0700,2018-03-12 07:50:20 -0700,2018-03-12 08:14:41 -0700,157.5,4.60287
2018-03-26 08:06:24 -0700,2018-03-07 16:41:12 -0700,2018-03-07 17:07:02 -0700,192.7,4.34742
2018-03-26 08:06:24 -0700,2018-03-09 16:49:27 -0700,2018-03-09 17:13:18 -0700,136,4.39956
2018-03-26 08:06:24 -0700,2018-03-16 15:52:44 -0700,2018-03-16 16:18:31 -0700,196.9,4.37992
2018-03-26 08:06:24 -0700,2018-03-19 15:31:29 -0700,2018-03-19 15:55:52 -0700,195.3,4.32599
2018-03-26 08:08:03 -0700,2018-03-26 07:40:48 -0700,2018-03-26 08:05:38 -0700,206.1,4.49456
2018-03-28 08:15:51 -0700,2018-03-28 07:46:17 -0700,2018-03-28 08:13:15 -0700,194.5,4.62313
2018-03-30 11:18:42 -0700,2018-03-30 07:49:46 -0700,2018-03-30 08:16:15 -0700,148.2,4.67632
2018-04-02 08:10:00 -0700,2018-04-02 07:42:52 -0700,2018-04-02 08:09:08 -0700,196.6,4.56907
2018-04-04 08:03:35 -0700,2018-04-04 07:36:08 -0700,2018-04-04 08:01:28 -0700,201.6,4.45591
2018-04-06 16:14:33 -0700,2018-03-23 16:28:32 -0700,2018-03-23 16:52:27 -0700,191.7,4.36998
2018-04-06 16:14:33 -0700,2018-03-28 16:23:08 -0700,2018-03-28 16:45:45 -0700,193.7,4.3135
2018-04-06 16:14:33 -0700,2018-03-26 15:47:33 -0700,2018-03-26 16:08:32 -0700,194.9,4.34985
2018-04-06 16:14:33 -0700,2018-03-30 15:16:10 -0700,2018-03-30 15:38:52 -0700,126.8,4.39539
2018-04-12 11:31:41 -0700,2018-04-11 07:44:25 -0700,2018-04-11 08:10:27 -0700,140.5,4.61673
2018-04-18 08:14:42 -0700,2018-04-11 15:08:39 -0700,2018-04-11 15:32:22 -0700,188,4.37489
2018-04-18 08:14:42 -0700,2018-04-16 15:07:34 -0700,2018-04-16 15:30:25 -0700,195.6,4.3281
2018-04-18 08:14:42 -0700,2018-04-04 15:27:42 -0700,2018-04-04 15:51:22 -0700,196.1,4.38309
2018-04-18 08:14:42 -0700,2018-04-06 15:49:17 -0700,2018-04-06 16:14:12 -0700,130.2,4.30213
2018-04-18 08:14:42 -0700,2018-04-08 07:09:31 -0700,2018-04-08 08:27:45 -0700,374.5,12.8823
2018-04-18 08:14:42 -0700,2018-04-02 15:48:23 -0700,2018-04-02 16:10:59 -0700,189.1,4.3322
2018-04-18 08:14:42 -0700,2018-04-09 14:53:21 -0700,2018-04-09 15:18:53 -0700,181.3,4.36439
2018-04-18 08:15:40 -0700,2018-04-18 07:48:10 -0700,2018-04-18 08:13:46 -0700,216.3,4.6834
2018-04-25 07:52:16 -0700,2018-04-25 07:22:32 -0700,2018-04-25 07:47:55 -0700,206.8,4.58777
2018-04-27 15:15:28 -0700,2018-04-25 14:20:10 -0700,2018-04-25 14:45:59 -0700,182.9,4.49432
2018-04-27 15:15:28 -0700,2018-04-23 16:03:27 -0700,2018-04-23 16:28:18 -0700,228,4.69943
2018-04-27 15:15:28 -0700,2018-04-18 15:32:22 -0700,2018-04-18 15:57:22 -0700,193,4.39614
2018-04-27 15:15:28 -0700,2018-04-20 16:05:43 -0700,2018-04-20 16:29:33 -0700,199,4.31816
2018-04-29 10:21:52 -0700,2018-04-29 07:44:43 -0700,2018-04-29 10:20:23 -0700,1126.7,35.4348
2018-04-30 16:02:13 -0700,2018-04-30 15:36:19 -0700,2018-04-30 16:01:41 -0700,219.2,4.48332
2018-05-02 07:59:11 -0700,2018-05-02 07:32:32 -0700,2018-05-02 07:58:08 -0700,201.5,4.59784
2018-05-02 15:57:34 -0700,2018-05-02 15:27:46 -0700,2018-05-02 15:56:58 -0700,147.8,4.46312
2018-05-04 15:27:27 -0700,2018-05-04 15:02:31 -0700,2018-05-04 15:26:53 -0700,207.1,4.54583
2018-05-06 10:35:09 -0700,2018-05-06 07:34:30 -0700,2018-05-06 10:33:28 -0700,1212.1,40.7678
2018-05-07 16:06:56 -0700,2018-05-07 15:42:01 -0700,2018-05-07 16:06:24 -0700,199.3,4.366
2018-05-09 16:11:07 -0700,2018-05-09 15:46:54 -0700,2018-05-09 16:09:23 -0700,139.3,4.43802
2018-05-11 16:12:09 -0700,2018-05-11 15:47:18 -0700,2018-05-11 16:11:40 -0700,136.3,4.43423
2018-05-14 16:11:29 -0700,2018-05-14 15:43:46 -0700,2018-05-14 16:10:57 -0700,192.7,4.41329
2018-05-16 07:47:34 -0700,2018-05-16 07:19:04 -0700,2018-05-16 07:44:18 -0700,210,4.53365
2018-05-17 11:25:40 -0700,2018-05-16 15:06:16 -0700,2018-05-16 15:30:29 -0700,197.5,4.50817
2018-05-18 08:04:39 -0700,2018-05-18 07:31:59 -0700,2018-05-18 08:00:05 -0700,215.6,4.73876
2018-05-18 15:07:46 -0700,2018-05-18 14:40:36 -0700,2018-05-18 15:05:16 -0700,191.4,4.41341
2018-05-20 10:16:22 -0700,2018-05-20 07:37:40 -0700,2018-05-20 10:03:22 -0700,875.8,30.5226
2018-05-21 16:10:37 -0700,2018-05-21 15:44:40 -0700,2018-05-21 16:09:02 -0700,187.7,4.38707
2018-05-23 16:06:09 -0700,2018-05-23 15:40:09 -0700,2018-05-23 16:05:14 -0700,193.2,4.41031
2018-05-25 16:17:32 -0700,2018-05-25 15:43:25 -0700,2018-05-25 16:07:00 -0700,146.5,4.51358
2018-06-13 08:07:25 -0700,2018-06-13 07:37:24 -0700,2018-06-13 08:05:27 -0700,211,4.57994
2018-06-15 15:46:57 -0700,2018-06-15 15:12:33 -0700,2018-06-15 15:43:56 -0700,200,4.47828
2018-06-22 08:06:02 -0700,2018-05-30 15:36:34 -0700,2018-05-30 16:01:47 -0700,190.5,4.42447
2018-06-22 08:06:02 -0700,2018-06-11 15:36:19 -0700,2018-06-11 15:59:38 -0700,198.4,4.47804
2018-06-22 08:06:35 -0700,2018-06-22 07:39:20 -0700,2018-06-22 08:05:30 -0700,193.8,4.55956
2018-06-22 15:25:44 -0700,2018-06-22 15:01:09 -0700,2018-06-22 15:24:03 -0700,197,4.47878
2018-06-24 12:46:31 -0700,2018-06-24 11:52:53 -0700,2018-06-24 12:41:50 -0700,142.8,6.3821
2018-06-24 13:24:02 -0700,2018-06-24 12:46:43 -0700,2018-06-24 13:21:21 -0700,162.8,4.72621
2018-06-29 09:17:20 -0700,2018-06-29 07:25:50 -0700,2018-06-29 07:51:34 -0700,141.8,4.57404
2018-06-29 09:18:34 -0700,2018-06-25 14:33:21 -0700,2018-06-25 14:57:58 -0700,189.2,4.50786
2018-06-29 09:19:23 -0700,2018-06-27 07:23:32 -0700,2018-06-27 07:49:30 -0700,202.8,4.57708
2018-06-29 09:21:43 -0700,2018-06-06 15:57:40 -0700,2018-06-06 16:23:33 -0700,126.1,4.4584
2018-07-01 10:11:50 -0700,2018-07-01 07:28:10 -0700,2018-07-01 10:09:06 -0700,973.5,35.2975
2018-07-02 07:51:15 -0700,2018-07-02 07:23:48 -0700,2018-07-02 07:49:54 -0700,202.1,4.54017
2018-07-22 09:17:29 -0700,2018-07-22 06:29:05 -0700,2018-07-22 09:14:52 -0700,986,35.4324
2018-07-23 07:40:09 -0700,2018-07-23 07:12:34 -0700,2018-07-23 07:37:46 -0700,201.6,4.44908
2018-08-02 07:35:43 -0700,2018-08-02 07:07:03 -0700,2018-08-02 07:34:06 -0700,136.8,4.50177
2018-08-03 14:57:27 -0700,2018-08-03 07:01:48 -0700,2018-08-03 07:26:55 -0700,123,4.41988
2018-08-05 10:15:10 -0700,2018-08-05 06:22:53 -0700,2018-08-05 10:13:31 -0700,1386.2,50.8418
2018-08-09 07:23:23 -0700,2018-08-09 06:54:29 -0700,2018-08-09 07:21:20 -0700,136.3,4.53265
2018-08-11 16:52:25 -0700,2018-08-11 07:11:32 -0700,2018-08-11 16:50:58 -0700,3406.4,91.7436
2018-08-17 07:32:40 -0700,2018-08-17 07:03:22 -0700,2018-08-17 07:30:48 -0700,195.3,4.50569
2018-08-17 15:35:23 -0700,2018-08-03 14:31:34 -0700,2018-08-03 14:55:33 -0700,149.7,4.4054
2018-08-17 15:35:23 -0700,2018-08-02 14:45:45 -0700,2018-08-02 15:09:37 -0700,146.6,4.35159
2018-08-17 15:35:23 -0700,2018-06-29 15:13:26 -0700,2018-06-29 15:39:24 -0700,198.3,4.40838
2018-08-17 15:35:23 -0700,2018-08-09 15:10:27 -0700,2018-08-09 15:35:27 -0700,192,4.42267
2018-08-17 15:35:23 -0700,2018-06-27 14:13:20 -0700,2018-06-27 14:38:37 -0700,201.2,4.47046
2018-08-17 15:35:23 -0700,2018-07-25 14:24:02 -0700,2018-07-25 14:51:06 -0700,189,4.38147
2018-08-17 15:35:23 -0700,2018-07-23 07:12:34 -0700,2018-07-23 07:37:46 -0700,201.6,4.44908
2018-08-17 15:35:23 -0700,2018-07-02 15:30:39 -0700,2018-07-02 15:56:04 -0700,197.2,4.4328
2018-08-17 15:37:32 -0700,2018-08-17 15:10:29 -0700,2018-08-17 15:34:58 -0700,146,4.37489
2018-08-19 09:11:51 -0700,2018-08-19 06:54:22 -0700,2018-08-19 09:09:37 -0700,855.9,30.3019
2018-08-24 07:42:22 -0700,2018-08-24 06:55:16 -0700,2018-08-24 07:21:09 -0700,180.7,4.4579
2018-08-24 15:50:47 -0700,2018-08-24 15:21:24 -0700,2018-08-24 15:46:39 -0700,194.3,4.43299
2018-08-26 09:10:15 -0700,2018-08-26 06:57:05 -0700,2018-08-26 09:08:06 -0700,847.3,30.1923
2018-08-27 07:26:52 -0700,2018-08-27 06:54:03 -0700,2018-08-27 07:20:20 -0700,147.5,4.48444
2018-08-27 16:12:53 -0700,2018-08-27 15:31:31 -0700,2018-08-27 15:56:54 -0700,150.1,4.46176
2018-08-29 13:19:43 -0700,2018-08-29 06:51:36 -0700,2018-08-29 07:21:11 -0700,214.2,4.68588
2018-09-04 07:19:13 -0700,2018-09-04 06:50:02 -0700,2018-09-04 07:14:43 -0700,214.4,4.47387
2018-09-17 11:28:18 -0700,2018-09-17 07:04:17 -0700,2018-09-17 07:29:54 -0700,150.2,4.39514
2018-09-19 07:37:43 -0700,2018-09-19 07:11:42 -0700,2018-09-19 07:36:05 -0700,200.8,4.46076
2018-09-19 15:45:37 -0700,2018-09-16 06:52:28 -0700,2018-09-16 09:28:51 -0700,1006.3,30.8776
2018-09-19 15:45:37 -0700,2018-08-29 15:32:49 -0700,2018-08-29 15:57:53 -0700,138.7,4.39819
2018-09-19 15:45:37 -0700,2018-09-04 15:21:39 -0700,2018-09-04 15:48:12 -0700,198.2,4.46741
2018-09-21 07:33:43 -0700,2018-09-21 07:05:14 -0700,2018-09-21 07:31:56 -0700,193,4.50513
2018-09-24 07:26:33 -0700,2018-09-10 15:35:19 -0700,2018-09-10 16:00:07 -0700,195.4,4.37576
2018-09-24 07:26:33 -0700,2018-09-07 15:04:37 -0700,2018-09-07 15:28:52 -0700,199,4.37756
2018-09-28 15:38:03 -0700,2018-09-12 15:13:00 -0700,2018-09-12 15:45:35 -0700,195.3,4.45896
2018-10-03 15:28:11 -0700,2018-09-19 15:16:39 -0700,2018-09-19 15:45:23 -0700,196.5,4.35656
2018-10-05 07:19:38 -0700,2018-10-05 06:49:10 -0700,2018-10-05 07:16:10 -0700,210,4.66072
2018-10-08 14:29:12 -0700,2018-09-21 15:05:54 -0700,2018-09-21 15:29:35 -0700,195.1,4.41229
2018-10-10 07:25:31 -0700,2018-09-24 15:18:39 -0700,2018-09-24 15:43:00 -0700,178.3,4.40347
2018-10-10 07:25:31 -0700,2018-09-26 15:07:23 -0700,2018-09-26 15:33:56 -0700,194.1,4.47835
2018-10-10 07:26:23 -0700,2018-10-10 06:58:07 -0700,2018-10-10 07:24:56 -0700,184.7,4.52197
2018-10-15 15:11:45 -0700,2018-10-05 15:08:29 -0700,2018-10-05 15:33:24 -0700,177.749,4.3788
2018-10-15 15:11:45 -0700,2018-10-08 14:03:38 -0700,2018-10-08 14:29:07 -0700,189.397,4.3857
2018-10-15 15:11:45 -0700,2018-10-03 15:01:51 -0700,2018-10-03 15:27:50 -0700,188.604,4.44436
2018-10-15 15:39:12 -0700,2018-10-01 15:26:36 -0700,2018-10-01 15:51:59 -0700,195.429,4.36824
2018-10-15 15:39:12 -0700,2018-09-28 15:11:35 -0700,2018-09-28 15:37:31 -0700,182.915,4.39887
2018-10-17 07:36:26 -0700,2018-10-17 07:02:29 -0700,2018-10-17 07:29:50 -0700,196.37,4.5114
2018-10-19 09:00:30 -0700,2018-10-19 06:59:15 -0700,2018-10-19 07:27:53 -0700,194.789,4.5142
2018-10-21 06:52:31 -0700,2018-10-17 14:58:52 -0700,2018-10-17 15:23:49 -0700,184.714,4.39017
2018-10-21 06:52:31 -0700,2018-10-12 14:53:55 -0700,2018-10-12 15:20:54 -0700,188.644,4.4502
2018-10-21 06:52:31 -0700,2018-10-15 15:13:15 -0700,2018-10-15 15:38:55 -0700,183.285,4.37787
2018-10-21 06:52:31 -0700,2018-10-10 15:00:57 -0700,2018-10-10 15:25:23 -0700,183.104,4.40602
2018-10-21 06:52:31 -0700,2018-10-19 14:06:15 -0700,2018-10-19 14:31:06 -0700,187.198,4.38104
2018-10-26 14:51:22 -0700,2018-10-26 14:24:23 -0700,2018-10-26 14:49:24 -0700,189.376,4.36389
2018-10-29 07:26:09 -0700,2018-10-29 06:54:20 -0700,2018-10-29 07:23:31 -0700,182.946,4.53222
2018-10-31 07:29:19 -0700,2018-10-31 06:58:18 -0700,2018-10-31 07:27:14 -0700,179.472,4.51874
2018-11-02 07:29:27 -0700,2018-11-02 06:59:02 -0700,2018-11-02 07:28:12 -0700,186.772,4.57721
2018-11-04 10:04:44 -0700,2018-11-04 07:43:35 -0700,2018-11-04 10:03:11 -0700,960.201,30.4276
2018-11-07 08:19:24 -0700,2018-11-07 07:50:50 -0700,2018-11-07 08:16:50 -0700,196.284,4.4922
2018-11-09 11:03:31 -0700,2018-11-09 08:52:06 -0700,2018-11-09 10:55:16 -0700,632.027,20.9815
2018-11-11 10:08:53 -0700,2018-11-11 07:48:13 -0700,2018-11-11 10:07:22 -0700,898.841,30.5933
2018-11-14 08:29:22 -0700,2018-11-14 07:59:46 -0700,2018-11-14 08:28:06 -0700,198.538,4.63704
2018-11-16 08:22:16 -0700,2018-11-16 07:52:25 -0700,2018-11-16 08:20:24 -0700,208.433,4.48518
2018-11-19 08:28:04 -0700,2018-11-07 16:52:38 -0700,2018-11-07 17:16:32 -0700,192.377,4.37135
2018-11-19 08:28:04 -0700,2018-11-05 16:43:18 -0700,2018-11-05 17:06:47 -0700,189.697,4.31076
2018-11-19 08:28:04 -0700,2018-11-02 15:02:59 -0700,2018-11-02 15:26:43 -0700,187.324,4.31505
2018-11-19 08:28:04 -0700,2018-10-31 15:40:33 -0700,2018-10-31 16:05:19 -0700,192.236,4.32288
2018-12-07 08:30:07 -0700,2018-12-07 07:58:32 -0700,2018-12-07 08:28:38 -0700,206.191,4.85123
2018-12-07 16:04:05 -0700,2018-11-14 16:12:04 -0700,2018-11-14 16:37:06 -0700,199.346,4.38384
2018-12-10 08:30:04 -0700,2018-12-10 07:58:22 -0700,2018-12-10 08:28:32 -0700,220.818,4.97886
2018-12-12 08:26:36 -0700,2018-12-12 07:57:44 -0700,2018-12-12 08:25:40 -0700,201.884,4.6056
2018-12-14 08:37:02 -0700,2018-12-14 08:03:17 -0700,2018-12-14 08:31:52 -0700,210.321,4.74311
2018-12-14 15:18:25 -0700,2018-11-16 16:04:05 -0700,2018-11-16 16:30:04 -0700,198.77,4.38533
2018-12-17 08:36:31 -0700,2018-12-17 07:58:46 -0700,2018-12-17 08:27:00 -0700,194.957,4.59473
2018-12-17 16:41:03 -0700,2018-11-19 16:09:26 -0700,2018-11-19 16:34:50 -0700,195.007,4.4049
2018-12-25 15:44:36 -0700,2018-12-10 15:37:50 -0700,2018-12-10 16:02:32 -0700,186.333,4.40099
2018-12-25 15:44:36 -0700,2018-12-07 15:38:52 -0700,2018-12-07 16:04:00 -0700,184.144,4.35314
2018-12-25 15:44:36 -0700,2018-11-30 15:56:04 -0700,2018-11-30 16:20:56 -0700,184.129,4.31045
2018-12-25 15:44:36 -0700,2018-12-14 14:49:29 -0700,2018-12-14 15:18:22 -0700,187.828,4.41546
2018-12-25 15:44:36 -0700,2018-12-03 16:40:27 -0700,2018-12-03 17:07:15 -0700,187.221,4.41428
2018-12-25 15:44:36 -0700,2018-12-12 16:22:09 -0700,2018-12-12 16:45:10 -0700,198.231,4.4387
2019-01-23 16:59:02 -0700,2018-12-19 08:04:36 -0700,2018-12-19 08:34:10 -0700,186.256,4.61815
2019-01-23 16:59:02 -0700,2018-12-17 16:15:55 -0700,2018-12-17 16:40:52 -0700,192.752,4.43274
2019-01-25 08:30:45 -0700,2019-01-07 07:54:26 -0700,2019-01-07 08:23:16 -0700,188.193,4.51948
2019-01-25 08:30:45 -0700,2018-12-19 16:28:04 -0700,2018-12-19 16:53:20 -0700,192.184,4.41478
2019-01-25 08:30:45 -0700,2018-12-25 14:39:47 -0700,2018-12-25 15:44:30 -0700,712.218,15.2713
2019-01-25 08:30:45 -0700,2018-12-21 08:03:49 -0700,2018-12-21 08:32:13 -0700,204.708,4.96805
2019-01-25 08:30:45 -0700,2018-12-21 14:02:34 -0700,2018-12-21 14:30:31 -0700,202.475,4.51818
2019-01-25 08:30:45 -0700,2019-01-16 16:27:59 -0700,2019-01-16 16:52:52 -0700,198.613,4.51376
2019-01-27 10:10:42 -0700,2019-01-27 07:52:02 -0700,2019-01-27 10:09:58 -0700,890.692,30.5124
2019-01-28 08:31:12 -0700,2019-01-28 08:03:44 -0700,2019-01-28 08:29:35 -0700,190.529,4.61287
2019-02-03 10:23:27 -0700,2019-02-03 07:48:18 -0700,2019-02-03 10:05:18 -0700,866.104,30.3181
2019-02-18 08:59:58 -0700,2019-02-18 07:42:44 -0700,2019-02-18 08:59:01 -0700,597.338,14.7733
2019-02-25 08:24:13 -0700,2019-02-25 07:48:00 -0700,2019-02-25 08:16:18 -0700,182.131,4.46517
2019-02-27 08:17:42 -0700,2019-02-27 07:50:06 -0700,2019-02-27 08:15:42 -0700,191.635,4.49568
2019-02-27 16:45:11 -0700,2019-01-28 16:33:05 -0700,2019-01-28 16:56:35 -0700,189.386,4.45007
2019-02-27 16:45:11 -0700,2019-01-18 16:30:20 -0700,2019-01-18 16:57:55 -0700,190.675,4.48506
2019-02-27 16:45:11 -0700,2019-02-25 16:52:31 -0700,2019-02-25 17:19:12 -0700,166.252,4.38843
2019-02-27 16:45:11 -0700,2019-01-23 16:32:08 -0700,2019-01-23 16:58:53 -0700,194.948,4.48748
2019-02-27 16:45:11 -0700,2019-01-25 16:14:59 -0700,2019-01-25 16:38:44 -0700,189.906,4.42447
2019-03-01 08:28:17 -0700,2019-03-01 08:00:52 -0700,2019-03-01 08:26:57 -0700,204.046,4.66544
2019-03-06 08:18:01 -0700,2019-03-06 07:50:29 -0700,2019-03-06 08:16:23 -0700,196.048,4.56584
2019-03-08 09:07:57 -0700,2019-03-08 07:49:51 -0700,2019-03-08 08:17:06 -0700,192.105,4.60014
2019-03-10 09:13:37 -0700,2019-03-10 06:52:00 -0700,2019-03-10 09:10:30 -0700,851.865,30.3723
2019-03-11 07:26:53 -0700,2019-03-11 06:58:27 -0700,2019-03-11 07:25:06 -0700,185.661,4.4666
2019-03-13 07:30:37 -0700,2019-03-13 07:01:45 -0700,2019-03-13 07:29:05 -0700,196.699,4.56248
2019-03-15 07:32:16 -0700,2019-03-15 07:04:54 -0700,2019-03-15 07:30:39 -0700,196.473,4.49922
2019-03-18 07:24:47 -0700,2019-03-18 06:57:59 -0700,2019-03-18 07:23:49 -0700,193.684,4.55154
2019-03-20 07:20:49 -0700,2019-03-20 06:52:42 -0700,2019-03-20 07:17:20 -0700,193.446,4.58591
2019-03-20 15:28:34 -0700,2019-03-08 16:25:19 -0700,2019-03-08 16:53:00 -0700,198.382,4.43609
2019-03-20 15:28:34 -0700,2019-03-06 16:37:47 -0700,2019-03-06 17:02:15 -0700,177.046,4.3519
2019-03-20 15:28:34 -0700,2019-03-18 15:30:21 -0700,2019-03-18 15:55:09 -0700,176.412,4.35805
2019-03-20 15:28:34 -0700,2019-03-15 14:20:49 -0700,2019-03-15 14:49:07 -0700,190.447,4.45784
2019-03-20 15:28:34 -0700,2019-03-11 15:36:00 -0700,2019-03-11 15:59:51 -0700,192,4.40664
2019-03-20 15:28:34 -0700,2019-02-27 16:20:51 -0700,2019-02-27 16:44:48 -0700,186.983,4.39365
2019-03-20 15:28:34 -0700,2019-03-01 16:50:57 -0700,2019-03-01 17:15:08 -0700,180.787,4.35358
2019-03-20 15:33:52 -0700,2019-03-20 15:03:39 -0700,2019-03-20 15:28:26 -0700,183.972,4.44473
2019-03-31 08:23:25 -0700,2019-03-31 06:44:21 -0700,2019-03-31 08:20:12 -0700,888.467,20.723
2019-04-01 07:00:01 -0700,2019-04-01 06:33:29 -0700,2019-04-01 06:58:39 -0700,203.836,4.60119
2019-04-01 16:01:35 -0700,2019-04-01 15:36:29 -0700,2019-04-01 16:01:26 -0700,192.989,4.40422
2019-04-03 07:35:03 -0700,2019-04-03 06:52:02 -0700,2019-04-03 07:20:03 -0700,191.313,4.57242
2019-04-03 14:22:12 -0700,2019-04-03 13:58:55 -0700,2019-04-03 14:21:43 -0700,187.395,4.40676
2019-04-05 07:29:08 -0700,2019-04-05 06:59:43 -0700,2019-04-05 07:25:31 -0700,189.286,4.56552
2019-04-05 15:35:20 -0700,2019-04-05 15:10:55 -0700,2019-04-05 15:35:04 -0700,188.513,4.41428
2019-04-08 07:48:01 -0700,2019-04-08 06:55:22 -0700,2019-04-08 07:22:40 -0700,185.835,4.62654
2019-04-08 16:53:22 -0700,2019-04-08 16:29:09 -0700,2019-04-08 16:53:10 -0700,214.242,4.45852
2019-04-10 07:45:45 -0700,2019-04-10 06:59:30 -0700,2019-04-10 07:25:37 -0700,186.808,4.56919
2019-04-10 15:58:46 -0700,2019-04-10 15:34:34 -0700,2019-04-10 15:56:25 -0700,208.537,4.44044
2019-04-12 07:28:30 -0700,2019-04-12 07:00:39 -0700,2019-04-12 07:26:44 -0700,205.097,4.66718
2019-04-12 15:45:49 -0700,2019-04-12 15:21:38 -0700,2019-04-12 15:45:28 -0700,194.749,4.4315
2019-04-14 08:56:19 -0700,2019-04-14 06:42:04 -0700,2019-04-14 08:52:11 -0700,917.944,30.4684
2019-04-15 07:14:56 -0700,2019-04-15 06:50:39 -0700,2019-04-15 07:13:49 -0700,194.28,4.5562
2019-04-15 16:03:51 -0700,2019-04-15 15:39:58 -0700,2019-04-15 16:03:21 -0700,200.778,4.48618
2019-04-19 07:31:55 -0700,2019-04-19 07:03:30 -0700,2019-04-19 07:29:37 -0700,192.08,4.45554
2019-04-19 16:08:48 -0700,2019-04-19 15:46:26 -0700,2019-04-19 16:08:38 -0700,209.881,4.44473
2019-04-21 09:30:03 -0700,2019-04-21 07:09:16 -0700,2019-04-21 09:25:39 -0700,990.639,31.9016
2019-04-22 07:15:34 -0700,2019-04-22 06:50:30 -0700,2019-04-22 07:14:26 -0700,191.463,4.5741
2019-04-22 15:48:39 -0700,2019-04-22 15:25:49 -0700,2019-04-22 15:48:21 -0700,206.681,4.52103
2019-04-24 07:25:49 -0700,2019-04-24 06:58:02 -0700,2019-04-24 07:24:55 -0700,207.954,4.60765
2019-04-24 16:35:08 -0700,2019-04-24 14:55:14 -0700,2019-04-24 15:21:21 -0700,192.618,4.48276
2019-04-26 07:37:11 -0700,2019-04-26 07:10:47 -0700,2019-04-26 07:35:43 -0700,207.968,4.5705
2019-04-29 07:24:55 -0700,2019-04-29 06:59:40 -0700,2019-04-29 07:23:19 -0700,187.262,4.37582
2019-05-01 07:42:37 -0700,2019-05-01 06:55:31 -0700,2019-05-01 07:21:28 -0700,199.323,4.55422
2019-05-03 07:27:26 -0700,2019-05-03 07:01:37 -0700,2019-05-03 07:26:39 -0700,201.841,4.58348
2019-05-05 09:06:51 -0700,2019-05-05 06:56:03 -0700,2019-05-05 09:04:58 -0700,803.84,30.2361
2019-05-06 07:11:59 -0700,2019-05-06 06:45:38 -0700,2019-05-06 07:10:10 -0700,205.951,4.5718
2019-05-08 07:27:07 -0700,2019-05-08 07:00:20 -0700,2019-05-08 07:25:22 -0700,199.544,4.5984
2019-05-10 07:18:55 -0700,2019-05-10 06:54:47 -0700,2019-05-10 07:18:26 -0700,209.934,4.56938
2019-05-12 09:13:06 -0700,2019-05-12 07:00:27 -0700,2019-05-12 09:10:57 -0700,1252.21,30.2127
2019-05-13 07:17:55 -0700,2019-05-03 15:10:49 -0700,2019-05-03 15:35:15 -0700,197.014,4.5833
2019-05-13 07:17:55 -0700,2019-05-06 15:20:43 -0700,2019-05-06 15:49:36 -0700,193.823,4.4666
2019-05-13 07:17:55 -0700,2019-05-08 15:52:25 -0700,2019-05-08 16:16:28 -0700,185.907,4.46318
2019-05-13 07:17:55 -0700,2019-04-29 15:50:27 -0700,2019-04-29 16:15:45 -0700,178.008,4.36159
2019-05-13 07:17:55 -0700,2019-05-01 15:09:27 -0700,2019-05-01 15:31:48 -0700,200.108,4.41149
2019-05-13 07:17:55 -0700,2019-05-10 15:34:15 -0700,2019-05-10 15:58:24 -0700,200.628,4.4748
2019-05-13 07:17:55 -0700,2019-04-26 15:12:09 -0700,2019-04-26 15:35:28 -0700,209.389,4.48487
2019-05-13 07:19:27 -0700,2019-05-13 06:52:36 -0700,2019-05-13 07:17:24 -0700,186.404,4.61088
2019-05-13 15:54:26 -0700,2019-05-13 15:32:31 -0700,2019-05-13 15:54:09 -0700,202.891,4.44156
2019-05-15 07:16:51 -0700,2019-05-15 06:50:28 -0700,2019-05-15 07:13:24 -0700,209.227,4.59529
2019-05-17 07:25:16 -0700,2019-05-17 06:57:08 -0700,2019-05-17 07:23:11 -0700,194.369,4.6555
2019-05-19 09:15:49 -0700,2019-05-19 06:51:19 -0700,2019-05-19 09:11:59 -0700,785.898,30.3605
2019-05-22 07:27:40 -0700,2019-05-22 07:01:18 -0700,2019-05-22 07:26:06 -0700,192.223,4.59622
2019-06-09 08:41:25 -0700,2019-06-09 06:48:21 -0700,2019-06-09 08:33:08 -0700,846.369,20.6339
2019-06-24 07:24:58 -0700,2019-06-24 06:56:56 -0700,2019-06-24 07:22:45 -0700,192.756,4.58299
2019-06-26 07:21:42 -0700,2019-06-26 06:56:16 -0700,2019-06-26 07:19:55 -0700,195.289,4.53999
2019-06-28 07:32:39 -0700,2019-06-28 07:05:54 -0700,2019-06-28 07:31:02 -0700,195.307,4.59989
2019-07-01 07:13:55 -0700,2019-05-22 15:26:24 -0700,2019-05-22 15:50:57 -0700,201.098,4.50985
2019-07-01 07:13:55 -0700,2019-06-26 13:42:46 -0700,2019-06-26 14:12:43 -0700,213.715,4.62549
2019-07-01 07:13:55 -0700,2019-06-24 14:30:37 -0700,2019-06-24 14:55:40 -0700,191.254,4.37998
2019-07-01 07:13:55 -0700,2019-05-17 15:17:59 -0700,2019-05-17 15:40:54 -0700,192.813,4.41118
2019-07-01 07:13:55 -0700,2019-05-15 13:15:20 -0700,2019-05-15 13:40:24 -0700,194.211,4.51861
2019-07-01 07:13:55 -0700,2019-06-28 14:38:18 -0700,2019-06-28 15:02:54 -0700,199.428,4.49028
2019-07-26 14:49:21 -0700,2019-07-01 15:17:24 -0700,2019-07-01 15:42:40 -0700,202.141,4.44678
2019-07-29 15:24:11 -0700,2019-07-29 06:58:36 -0700,2019-07-29 07:22:46 -0700,189.69,4.55745
2019-07-29 15:24:11 -0700,2019-07-08 06:56:09 -0700,2019-07-08 07:21:38 -0700,199.801,4.51948
2019-07-29 15:24:12 -0700,2019-07-26 07:09:16 -0700,2019-07-26 07:33:26 -0700,193.698,4.51097
2019-07-29 15:24:12 -0700,2019-07-12 14:09:53 -0700,2019-07-12 14:33:47 -0700,182.636,4.40328
2019-07-29 15:24:12 -0700,2019-07-03 07:06:45 -0700,2019-07-03 07:30:46 -0700,194.393,4.58671
2019-07-29 15:24:12 -0700,2019-07-24 06:49:10 -0700,2019-07-24 07:15:07 -0700,172.392,4.51016
2019-07-29 15:24:12 -0700,2019-07-28 06:51:35 -0700,2019-07-28 08:23:20 -0700,542.669,20.5817
2019-07-29 15:24:12 -0700,2019-07-21 06:55:27 -0700,2019-07-21 08:27:53 -0700,531.317,20.6325
2019-07-29 15:24:12 -0700,2019-07-08 14:35:55 -0700,2019-07-08 15:01:27 -0700,199.435,4.52526
2019-07-29 15:24:12 -0700,2019-07-03 14:47:44 -0700,2019-07-03 15:15:22 -0700,206.441,4.50233
2019-07-29 15:24:12 -0700,2019-07-12 06:55:35 -0700,2019-07-12 07:19:03 -0700,205.544,4.6381
2019-07-29 15:24:12 -0700,2019-07-17 07:01:21 -0700,2019-07-17 07:27:49 -0700,176.382,4.48549
2019-07-29 15:24:12 -0700,2019-07-26 14:27:09 -0700,2019-07-26 14:50:32 -0700,189.633,4.36849
2019-07-29 15:24:12 -0700,2019-07-24 15:45:35 -0700,2019-07-24 16:10:47 -0700,189.776,4.49102
2019-07-29 15:44:16 -0700,2019-07-29 15:00:17 -0700,2019-07-29 15:23:54 -0700,177.037,4.42
2019-08-02 07:27:31 -0700,2019-08-02 06:59:43 -0700,2019-08-02 07:25:39 -0700,185.842,4.52321
2019-08-02 15:53:33 -0700,2019-08-02 15:22:34 -0700,2019-08-02 15:52:27 -0700,172.982,4.35389
2019-08-04 10:47:51 -0700,2019-08-04 06:47:38 -0700,2019-08-04 08:56:09 -0700,825.308,30.334
2019-08-05 07:22:00 -0700,2019-08-05 06:57:05 -0700,2019-08-05 07:21:01 -0700,196.02,4.52333
2019-08-07 07:23:25 -0700,2019-08-07 06:56:44 -0700,2019-08-07 07:21:34 -0700,185.929,4.51476
2019-08-07 15:34:00 -0700,2019-08-07 15:10:00 -0700,2019-08-07 15:33:34 -0700,184.256,4.38216
2019-08-09 07:23:38 -0700,2019-08-09 06:57:42 -0700,2019-08-09 07:22:38 -0700,195.012,4.53477
2019-08-09 14:42:01 -0700,2019-08-09 14:15:11 -0700,2019-08-09 14:39:49 -0700,179.462,4.388
2019-08-12 07:21:13 -0700,2019-08-12 06:55:25 -0700,2019-08-12 07:20:05 -0700,191.619,4.58255
2019-08-12 16:02:17 -0700,2019-08-12 15:38:03 -0700,2019-08-12 16:01:59 -0700,187.664,4.43224
2019-08-14 07:25:40 -0700,2019-08-14 06:55:49 -0700,2019-08-14 07:19:41 -0700,188.457,4.54371
2019-08-14 16:43:37 -0700,2019-08-14 16:17:43 -0700,2019-08-14 16:43:00 -0700,175.116,4.44728
2019-08-16 07:24:48 -0700,2019-08-16 06:59:29 -0700,2019-08-16 07:23:57 -0700,183.214,4.53632
2019-08-16 14:56:49 -0700,2019-08-16 14:33:03 -0700,2019-08-16 14:56:31 -0700,179.429,4.38315
2019-08-23 07:15:50 -0700,2019-08-23 06:51:34 -0700,2019-08-23 07:13:55 -0700,179.236,4.43895
2019-08-23 15:23:19 -0700,2019-08-23 14:59:49 -0700,2019-08-23 15:22:49 -0700,186.164,4.3885
2019-08-25 08:24:37 -0700,2019-08-25 06:58:03 -0700,2019-08-25 08:23:13 -0700,635.064,15.4339
2019-08-25 10:00:38 -0700,2019-08-25 09:05:11 -0700,2019-08-25 09:55:26 -0700,368.682,9.43074
2019-08-26 07:24:05 -0700,2019-08-26 06:57:01 -0700,2019-08-26 07:21:27 -0700,189.455,4.5362
2019-08-26 16:47:26 -0700,2019-08-26 16:17:03 -0700,2019-08-26 16:47:07 -0700,163.326,4.36812
2019-09-01 08:55:54 -0700,2019-09-01 06:38:33 -0700,2019-09-01 08:53:10 -0700,888.15,30.4746
2019-09-22 07:33:29 -0700,2019-09-22 06:32:39 -0700,2019-09-22 07:25:37 -0700,273.4,7.2253
2019-09-29 06:26:23 -0700,2019-09-22 06:32:39 -0700,2019-09-22 07:25:37 -0700,273.4,7.2253
2019-09-29 07:21:19 -0700,2019-09-22 06:32:39 -0700,2019-09-22 07:25:37 -0700,273.424,7.2253
