creationDate,startDate,endDate,kcalBurned,milesRun
2016-07-18 17:19:10 -0700,2016-07-18 17:07:39 -0700,2016-07-18 17:17:18 -0700,60.4355,0.61835
2016-07-19 08:41:54 -0700,2016-07-19 08:32:21 -0700,2016-07-19 08:41:31 -0700,49.2273,0.483477
2016-07-19 18:09:38 -0700,2016-07-19 18:00:07 -0700,2016-07-19 18:09:34 -0700,50.0981,0.461144
2016-07-20 08:34:47 -0700,2016-07-20 08:26:47 -0700,2016-07-20 08:34:27 -0700,48.2738,0.475685
2016-07-20 14:19:10 -0700,2016-07-20 14:11:08 -0700,2016-07-20 14:19:04 -0700,45.2443,0.437226
2016-07-20 14:46:35 -0700,2016-07-20 14:40:47 -0700,2016-07-20 14:46:25 -0700,37.6429,0.379098
2016-07-21 08:34:53 -0700,2016-07-21 08:24:55 -0700,2016-07-21 08:34:42 -0700,52.5928,0.540765
2016-07-21 15:45:34 -0700,2016-07-21 15:36:34 -0700,2016-07-21 15:45:25 -0700,45.7446,0.424725
2016-07-21 16:32:46 -0700,2016-07-21 16:22:47 -0700,2016-07-21 16:32:33 -0700,48.6271,0.47765
2016-07-24 20:12:51 -0700,2016-07-24 20:03:55 -0700,2016-07-24 20:09:36 -0700,37.8904,0.373142
2016-07-25 08:33:46 -0700,2016-07-25 08:22:15 -0700,2016-07-25 08:33:40 -0700,56.7151,0.570244
2016-07-25 15:45:13 -0700,2016-07-25 15:35:28 -0700,2016-07-25 15:44:58 -0700,49.16,0.447286
2016-07-25 17:06:39 -0700,2016-07-25 16:57:33 -0700,2016-07-25 17:05:29 -0700,93.9913,0.805168
2016-07-25 17:17:55 -0700,2016-07-25 17:07:32 -0700,2016-07-25 17:16:31 -0700,59.8544,0.602448
2016-07-26 08:45:11 -0700,2016-07-26 08:33:17 -0700,2016-07-26 08:41:25 -0700,49.9754,0.506787
2016-07-26 10:39:19 -0700,2016-07-26 10:16:54 -0700,2016-07-26 10:36:26 -0700,151.465,1.57824
2016-07-26 16:00:10 -0700,2016-07-26 15:53:10 -0700,2016-07-26 15:59:55 -0700,45.0132,0.458405
2016-07-27 15:05:18 -0700,2016-07-27 14:44:44 -0700,2016-07-27 15:03:43 -0700,126.759,1.25964
2016-07-28 11:06:46 -0700,2016-07-28 08:22:49 -0700,2016-07-28 08:31:14 -0700,46.3414,0.491266
2016-07-28 14:29:55 -0700,2016-07-28 14:24:16 -0700,2016-07-28 14:29:37 -0700,32.4358,0.29789
2016-07-29 08:47:03 -0700,2016-07-29 08:35:40 -0700,2016-07-29 08:44:17 -0700,52.0311,0.56625
2016-07-29 15:42:41 -0700,2016-07-29 15:22:44 -0700,2016-07-29 15:40:43 -0700,130.159,1.28116
2016-07-29 16:05:24 -0700,2016-07-29 15:57:14 -0700,2016-07-29 16:04:17 -0700,47.5221,0.475343
2016-07-29 21:13:36 -0700,2016-07-29 20:58:05 -0700,2016-07-29 21:13:27 -0700,91.9858,0.998457
2016-07-31 07:52:24 -0700,2016-07-31 07:43:23 -0700,2016-07-31 07:51:37 -0700,107.652,0.92054
2016-07-31 08:04:26 -0700,2016-07-31 07:53:27 -0700,2016-07-31 08:03:50 -0700,97.2304,0.907653
2016-07-31 11:29:38 -0700,2016-07-31 11:22:01 -0700,2016-07-31 11:28:48 -0700,41.1074,0.412608
2016-07-31 11:41:59 -0700,2016-07-31 11:35:11 -0700,2016-07-31 11:41:54 -0700,45.2012,0.477038
2016-07-31 13:42:11 -0700,2016-07-31 13:34:20 -0700,2016-07-31 13:41:26 -0700,42.0368,0.445392
2016-07-31 14:02:46 -0700,2016-07-31 13:54:05 -0700,2016-07-31 14:02:05 -0700,51.6232,0.533096
2016-07-31 15:21:42 -0700,2016-07-31 15:00:30 -0700,2016-07-31 15:08:46 -0700,58.4088,0.581401
2016-07-31 15:33:41 -0700,2016-07-31 15:24:56 -0700,2016-07-31 15:33:35 -0700,55.8322,0.560825
2016-08-01 08:33:16 -0700,2016-08-01 08:22:12 -0700,2016-08-01 08:29:51 -0700,50.5953,0.544084
2016-08-01 11:21:26 -0700,2016-08-01 11:19:30 -0700,2016-08-01 11:21:16 -0700,13.2162,0.117243
2016-08-01 15:46:31 -0700,2016-08-01 15:38:00 -0700,2016-08-01 15:44:52 -0700,56.1442,0.624351
2016-08-01 16:26:43 -0700,2016-08-01 16:17:02 -0700,2016-08-01 16:26:20 -0700,58.0571,0.592458
2016-08-01 20:50:59 -0700,2016-08-01 19:59:01 -0700,2016-08-01 20:49:53 -0700,314.634,3.28713
2016-08-02 06:52:08 -0700,2016-08-02 06:35:56 -0700,2016-08-02 06:50:29 -0700,179.029,1.5181
2016-08-02 08:34:32 -0700,2016-08-02 08:22:21 -0700,2016-08-02 08:34:26 -0700,51.2921,0.521408
2016-08-02 16:16:41 -0700,2016-08-02 15:49:39 -0700,2016-08-02 15:57:16 -0700,45.6249,0.457115
2016-08-02 16:58:21 -0700,2016-08-02 16:49:02 -0700,2016-08-02 16:58:03 -0700,59.0658,0.624586
2016-08-03 08:42:28 -0700,2016-08-03 08:32:51 -0700,2016-08-03 08:42:24 -0700,43.77,0.506209
2016-08-03 14:44:24 -0700,2016-08-03 14:37:19 -0700,2016-08-03 14:43:58 -0700,43.4959,0.437374
2016-08-03 15:24:42 -0700,2016-08-03 15:18:04 -0700,2016-08-03 15:24:12 -0700,42.4958,0.439922
2016-08-03 16:14:30 -0700,2016-08-03 16:05:48 -0700,2016-08-03 16:13:43 -0700,55.3338,0.542503
2016-08-03 16:37:10 -0700,2016-08-03 16:27:35 -0700,2016-08-03 16:36:20 -0700,55.6358,0.5448
2016-08-03 17:36:57 -0700,2016-08-03 17:14:56 -0700,2016-08-03 17:20:25 -0700,34.3387,0.341766
2016-08-03 17:59:17 -0700,2016-08-03 17:43:34 -0700,2016-08-03 17:58:47 -0700,114.266,1.09885
2016-08-04 06:57:12 -0700,2016-08-04 06:41:03 -0700,2016-08-04 06:56:05 -0700,191.096,1.62149
2016-08-04 08:34:39 -0700,2016-08-04 08:24:43 -0700,2016-08-04 08:32:35 -0700,55.2417,0.605895
2016-08-05 08:45:01 -0700,2016-08-05 08:36:08 -0700,2016-08-05 08:43:29 -0700,48.8496,0.499277
2016-08-05 15:59:20 -0700,2016-08-05 15:51:25 -0700,2016-08-05 15:58:45 -0700,50.9382,0.580824
2016-08-06 07:09:29 -0700,2016-08-06 06:52:23 -0700,2016-08-06 07:06:44 -0700,194.165,1.65683
2016-08-07 14:33:35 -0700,2016-08-07 14:02:09 -0700,2016-08-07 14:33:26 -0700,202.481,2.09327
2016-08-07 14:51:51 -0700,2016-08-07 14:46:12 -0700,2016-08-07 14:51:45 -0700,29.6551,0.309315
2016-08-08 08:33:14 -0700,2016-08-08 08:22:03 -0700,2016-08-08 08:29:46 -0700,51.7089,0.528619
2016-08-08 15:14:01 -0700,2016-08-08 15:06:54 -0700,2016-08-08 15:13:30 -0700,44.5696,0.419291
2016-08-08 15:56:23 -0700,2016-08-08 15:47:31 -0700,2016-08-08 15:55:21 -0700,53.2611,0.536317
2016-08-08 16:40:06 -0700,2016-08-08 16:22:53 -0700,2016-08-08 16:39:32 -0700,216.825,1.84882
2016-08-09 08:21:13 -0700,2016-08-09 08:11:35 -0700,2016-08-09 08:19:21 -0700,50.2204,0.527209
2016-08-09 13:08:03 -0700,2016-08-09 12:47:01 -0700,2016-08-09 13:05:42 -0700,122.789,1.20928
2016-08-09 16:01:02 -0700,2016-08-09 15:54:07 -0700,2016-08-09 16:00:23 -0700,44.6972,0.427826
2016-08-10 06:50:19 -0700,2016-08-10 06:35:00 -0700,2016-08-10 06:49:29 -0700,189.605,1.6106
2016-08-10 08:34:37 -0700,2016-08-10 08:24:38 -0700,2016-08-10 08:32:15 -0700,50.436,0.512272
2016-08-10 16:15:48 -0700,2016-08-10 16:06:46 -0700,2016-08-10 16:12:07 -0700,30.8401,0.30371
2016-08-11 08:42:39 -0700,2016-08-11 08:32:37 -0700,2016-08-11 08:40:29 -0700,50.2118,0.521487
2016-08-12 06:44:20 -0700,2016-08-12 06:26:43 -0700,2016-08-12 06:43:59 -0700,214.543,1.82095
2016-08-12 08:37:23 -0700,2016-08-12 08:28:09 -0700,2016-08-12 08:35:17 -0700,50.9894,0.51158
2016-08-13 07:49:33 -0700,2016-08-13 07:34:41 -0700,2016-08-13 07:49:28 -0700,85.1704,0.922891
2016-08-13 09:09:10 -0700,2016-08-13 08:58:56 -0700,2016-08-13 09:08:41 -0700,64.4086,0.625334
2016-08-13 10:11:16 -0700,2016-08-13 09:35:32 -0700,2016-08-13 10:11:12 -0700,216.019,2.27712
2016-08-13 18:28:58 -0700,2016-08-13 18:01:44 -0700,2016-08-13 18:16:13 -0700,86.1761,0.908051
2016-08-14 10:43:51 -0700,2016-08-14 10:34:24 -0700,2016-08-14 10:42:17 -0700,47.5665,0.462467
2016-08-14 10:58:46 -0700,2016-08-14 10:55:02 -0700,2016-08-14 10:58:42 -0700,21.5905,0.215163
2016-08-15 06:50:28 -0700,2016-08-15 06:30:48 -0700,2016-08-15 06:50:05 -0700,244.707,2.07802
2016-08-15 08:32:02 -0700,2016-08-15 08:22:20 -0700,2016-08-15 08:30:02 -0700,52.1425,0.53185
2016-08-15 15:58:45 -0700,2016-08-15 15:51:15 -0700,2016-08-15 15:58:41 -0700,46.9906,0.458709
2016-08-16 08:09:30 -0700,2016-08-16 08:01:02 -0700,2016-08-16 08:09:27 -0700,46.6194,0.455787
2016-08-16 08:18:47 -0700,2016-08-16 08:11:52 -0700,2016-08-16 08:17:46 -0700,42.2444,0.418911
2016-08-16 09:06:38 -0700,2016-08-16 08:56:51 -0700,2016-08-16 09:04:17 -0700,53.1987,0.541327
2016-08-16 15:57:25 -0700,2016-08-16 15:49:24 -0700,2016-08-16 15:55:29 -0700,38.392,0.381904
2016-08-16 16:47:04 -0700,2016-08-16 16:38:15 -0700,2016-08-16 16:45:42 -0700,44.8248,0.458085
2016-08-17 06:46:28 -0700,2016-08-17 06:31:42 -0700,2016-08-17 06:46:09 -0700,186.117,1.5867
2016-08-17 08:35:03 -0700,2016-08-17 08:24:46 -0700,2016-08-17 08:32:25 -0700,49.2742,0.510494
2016-08-17 13:29:06 -0700,2016-08-17 13:20:12 -0700,2016-08-17 13:27:00 -0700,43.9127,0.409856
2016-08-18 08:45:22 -0700,2016-08-18 08:35:24 -0700,2016-08-18 08:43:05 -0700,50.4875,0.518178
2016-08-18 15:49:32 -0700,2016-08-18 15:33:49 -0700,2016-08-18 15:46:28 -0700,76.815,0.732834
2016-08-19 06:45:06 -0700,2016-08-19 06:25:29 -0700,2016-08-19 06:45:02 -0700,248.661,2.11532
2016-08-19 08:32:05 -0700,2016-08-19 08:22:49 -0700,2016-08-19 08:30:13 -0700,49.2306,0.508563
2016-08-19 14:44:39 -0700,2016-08-19 14:38:01 -0700,2016-08-19 14:44:09 -0700,44.7585,0.434533
2016-08-19 15:38:55 -0700,2016-08-19 15:29:47 -0700,2016-08-19 15:38:35 -0700,57.3801,0.616277
2016-08-19 16:44:22 -0700,2016-08-19 16:36:43 -0700,2016-08-19 16:42:00 -0700,29.6141,0.319282
2016-08-19 17:34:48 -0700,2016-08-19 17:25:52 -0700,2016-08-19 17:34:45 -0700,43.9872,0.471971
2016-08-20 10:55:33 -0700,2016-08-20 10:50:18 -0700,2016-08-20 10:55:27 -0700,16.0355,0.165776
2016-08-21 16:20:42 -0700,2016-08-21 16:15:24 -0700,2016-08-21 16:20:38 -0700,31.4833,0.374917
2016-08-22 06:56:44 -0700,2016-08-22 06:32:10 -0700,2016-08-22 06:55:23 -0700,281.866,2.39067
2016-08-22 08:31:50 -0700,2016-08-22 08:22:03 -0700,2016-08-22 08:29:41 -0700,49.903,0.523542
2016-08-22 15:30:08 -0700,2016-08-22 15:22:27 -0700,2016-08-22 15:29:24 -0700,44.7687,0.445355
2016-08-22 16:15:21 -0700,2016-08-22 16:06:43 -0700,2016-08-22 16:14:49 -0700,52.6697,0.538427
2016-08-23 08:34:26 -0700,2016-08-23 08:24:52 -0700,2016-08-23 08:32:29 -0700,51.9535,0.530568
2016-08-23 14:47:00 -0700,2016-08-23 14:39:07 -0700,2016-08-23 14:45:19 -0700,44.0396,0.453357
2016-08-24 06:46:32 -0700,2016-08-24 06:30:34 -0700,2016-08-24 06:46:26 -0700,199.23,1.7039
2016-08-24 08:23:44 -0700,2016-08-24 08:14:06 -0700,2016-08-24 08:21:43 -0700,47.4238,0.505085
2016-08-24 15:31:06 -0700,2016-08-24 15:25:15 -0700,2016-08-24 15:30:36 -0700,38.8713,0.387626
2016-08-24 16:08:24 -0700,2016-08-24 16:01:34 -0700,2016-08-24 16:08:10 -0700,43.5991,0.434607
2016-08-25 08:29:09 -0700,2016-08-25 08:19:21 -0700,2016-08-25 08:27:16 -0700,47.8232,0.51633
2016-08-25 13:20:40 -0700,2016-08-25 12:22:25 -0700,2016-08-25 12:26:23 -0700,20.3973,0.192988
2016-08-26 06:51:53 -0700,2016-08-26 06:29:14 -0700,2016-08-26 06:51:50 -0700,279.243,2.3596
2016-08-26 08:29:04 -0700,2016-08-26 08:19:17 -0700,2016-08-26 08:27:02 -0700,47.576,0.514152
2016-08-28 17:04:25 -0700,2016-08-28 15:40:50 -0700,2016-08-28 17:04:20 -0700,514.566,5.42452
2016-08-29 07:02:11 -0700,2016-08-29 06:35:28 -0700,2016-08-29 07:00:55 -0700,306.944,2.5929
2016-08-29 08:31:49 -0700,2016-08-29 08:22:16 -0700,2016-08-29 08:30:11 -0700,51.1249,0.536691
2016-08-29 15:44:14 -0700,2016-08-29 15:36:25 -0700,2016-08-29 15:43:21 -0700,44.5378,0.428208
2016-08-29 16:39:56 -0700,2016-08-29 16:29:44 -0700,2016-08-29 16:39:52 -0700,61.5503,0.615158
2016-08-29 18:47:00 -0700,2016-08-29 18:35:33 -0700,2016-08-29 18:45:20 -0700,68.9581,0.730339
2016-08-30 08:31:45 -0700,2016-08-30 08:22:25 -0700,2016-08-30 08:30:10 -0700,52.0596,0.533157
2016-08-31 06:53:38 -0700,2016-08-31 06:33:28 -0700,2016-08-31 06:53:35 -0700,248.385,2.10508
2016-08-31 08:34:25 -0700,2016-08-31 08:24:39 -0700,2016-08-31 08:32:28 -0700,51.6535,0.543111
2016-08-31 16:07:20 -0700,2016-08-31 15:58:33 -0700,2016-08-31 15:59:22 -0700,6.44573,0.0602474
2016-09-01 08:30:22 -0700,2016-09-01 08:19:15 -0700,2016-09-01 08:26:58 -0700,51.0941,0.530258
2016-09-01 15:47:23 -0700,2016-09-01 15:41:14 -0700,2016-09-01 15:47:19 -0700,39.6611,0.390725
2016-09-02 07:29:38 -0700,2016-09-02 07:20:37 -0700,2016-09-02 07:28:48 -0700,49.4884,0.529805
2016-09-02 16:01:41 -0700,2016-09-02 15:55:20 -0700,2016-09-02 16:01:34 -0700,39.4069,0.413192
2016-09-03 06:59:44 -0700,2016-09-03 06:34:35 -0700,2016-09-03 06:59:22 -0700,305.161,2.57831
2016-09-04 15:13:06 -0700,2016-09-04 15:03:14 -0700,2016-09-04 15:12:15 -0700,60.9297,0.701775
2016-09-04 15:30:58 -0700,2016-09-04 15:21:41 -0700,2016-09-04 15:30:55 -0700,54.1553,0.563331
2016-09-04 15:42:37 -0700,2016-09-04 15:34:37 -0700,2016-09-04 15:42:34 -0700,44.5728,0.43461
2016-09-04 16:09:06 -0700,2016-09-04 16:00:42 -0700,2016-09-04 16:09:03 -0700,47.0198,0.486619
2016-09-05 07:05:24 -0700,2016-09-05 06:37:50 -0700,2016-09-05 07:05:04 -0700,335.644,2.84078
2016-09-05 15:23:04 -0700,2016-09-05 15:13:28 -0700,2016-09-05 15:23:01 -0700,54.5511,0.551455
2016-09-05 15:51:20 -0700,2016-09-05 15:41:48 -0700,2016-09-05 15:51:17 -0700,51.8396,0.531448
2016-09-06 08:31:51 -0700,2016-09-06 08:22:23 -0700,2016-09-06 08:30:05 -0700,51.3316,0.549463
2016-09-06 10:55:53 -0700,2016-09-06 10:46:25 -0700,2016-09-06 10:55:50 -0700,71.4134,0.673159
2016-09-06 11:07:23 -0700,2016-09-06 10:57:59 -0700,2016-09-06 11:07:20 -0700,62.4311,0.657186
2016-09-07 07:03:40 -0700,2016-09-07 06:43:25 -0700,2016-09-07 07:03:23 -0700,240.326,2.0569
2016-09-07 08:50:26 -0700,2016-09-07 08:41:24 -0700,2016-09-07 08:48:55 -0700,49.1668,0.501202
2016-09-07 15:45:39 -0700,2016-09-07 15:36:42 -0700,2016-09-07 15:43:58 -0700,45.3178,0.432963
2016-09-08 08:39:40 -0700,2016-09-08 08:30:36 -0700,2016-09-08 08:36:26 -0700,37.3761,0.373571
2016-09-08 14:10:47 -0700,2016-09-08 13:58:59 -0700,2016-09-08 14:07:58 -0700,57.686,0.554992
2016-09-08 14:27:00 -0700,2016-09-08 14:17:41 -0700,2016-09-08 14:25:48 -0700,55.8825,0.566508
2016-09-08 16:15:39 -0700,2016-09-08 16:07:07 -0700,2016-09-08 16:14:23 -0700,49.2056,0.510531
2016-09-09 07:01:22 -0700,2016-09-09 06:34:56 -0700,2016-09-09 07:01:04 -0700,334.843,2.83713
2016-09-09 08:34:31 -0700,2016-09-09 08:24:47 -0700,2016-09-09 08:32:31 -0700,49.4161,0.51622
2016-09-09 16:02:35 -0700,2016-09-09 15:53:53 -0700,2016-09-09 16:01:19 -0700,45.0823,0.484119
2016-09-10 10:17:28 -0700,2016-09-10 10:11:10 -0700,2016-09-10 10:17:17 -0700,39.2238,0.409023
2016-09-10 12:22:36 -0700,2016-09-10 12:12:57 -0700,2016-09-10 12:21:08 -0700,51.7635,0.546068
2016-09-11 15:53:15 -0700,2016-09-11 15:44:52 -0700,2016-09-11 15:51:35 -0700,45.4925,0.461528
2016-09-11 16:11:40 -0700,2016-09-11 16:03:15 -0700,2016-09-11 16:11:35 -0700,49.4158,0.507521
2016-09-11 18:22:12 -0700,2016-09-11 18:13:36 -0700,2016-09-11 18:21:25 -0700,48.2039,0.532464
2016-09-11 18:41:23 -0700,2016-09-11 18:31:28 -0700,2016-09-11 18:40:36 -0700,52.2412,0.55826
2016-09-12 07:06:34 -0700,2016-09-12 06:35:27 -0700,2016-09-12 07:06:30 -0700,389.847,3.30117
2016-09-12 08:38:05 -0700,2016-09-12 08:25:05 -0700,2016-09-12 08:38:02 -0700,52.1492,0.560834
2016-09-13 08:48:02 -0700,2016-09-13 08:38:05 -0700,2016-09-13 08:45:54 -0700,50.2959,0.513503
2016-09-14 06:51:51 -0700,2016-09-14 06:32:32 -0700,2016-09-14 06:51:18 -0700,244.473,2.08487
2016-09-14 08:29:07 -0700,2016-09-14 08:19:25 -0700,2016-09-14 08:27:22 -0700,50.9635,0.52916
2016-09-14 15:13:13 -0700,2016-09-14 15:05:10 -0700,2016-09-14 15:11:42 -0700,45.2368,0.502038
2016-09-14 17:33:11 -0700,2016-09-14 17:28:31 -0700,2016-09-14 17:31:46 -0700,22.539,0.226056
2016-09-14 17:57:47 -0700,2016-09-14 17:45:03 -0700,2016-09-14 17:53:12 -0700,54.316,0.549706
2016-09-15 08:38:29 -0700,2016-09-15 08:30:39 -0700,2016-09-15 08:36:56 -0700,40.3365,0.459522
2016-09-15 16:40:10 -0700,2016-09-15 16:31:23 -0700,2016-09-15 16:38:25 -0700,46.2165,0.445837
2016-09-16 07:07:36 -0700,2016-09-16 06:36:37 -0700,2016-09-16 07:07:20 -0700,396.674,3.35841
2016-09-16 08:24:11 -0700,2016-09-16 08:14:14 -0700,2016-09-16 08:22:14 -0700,50.083,0.526846
2016-09-18 10:11:08 -0700,2016-09-18 10:02:24 -0700,2016-09-18 10:10:54 -0700,49.7933,0.484646
2016-09-18 10:32:19 -0700,2016-09-18 10:24:56 -0700,2016-09-18 10:31:24 -0700,43.8753,0.441652
2016-09-18 16:19:35 -0700,2016-09-18 16:16:54 -0700,2016-09-18 16:19:23 -0700,16.1694,0.164013
2016-09-18 16:42:55 -0700,2016-09-18 16:35:02 -0700,2016-09-18 16:42:50 -0700,49.0186,0.515452
2016-09-19 08:38:53 -0700,2016-09-19 08:30:10 -0700,2016-09-19 08:38:00 -0700,51.0417,0.53033
2016-09-19 16:14:42 -0700,2016-09-19 16:06:50 -0700,2016-09-19 16:14:23 -0700,49.6172,0.530329
2016-09-19 18:07:36 -0700,2016-09-19 17:35:30 -0700,2016-09-19 18:05:57 -0700,389.959,3.31678
2016-09-20 15:51:08 -0700,2016-09-20 15:44:39 -0700,2016-09-20 15:50:26 -0700,41.6918,0.428044
2016-09-20 16:06:04 -0700,2016-09-20 16:00:31 -0700,2016-09-20 16:05:38 -0700,34.7823,0.338652
2016-09-21 07:06:00 -0700,2016-09-21 06:46:40 -0700,2016-09-21 07:05:08 -0700,244.555,2.08358
2016-09-21 08:37:19 -0700,2016-09-21 08:27:53 -0700,2016-09-21 08:35:22 -0700,53.0733,0.529078
2016-09-21 15:14:15 -0700,2016-09-21 15:06:12 -0700,2016-09-21 15:12:16 -0700,41.7876,0.418714
2016-09-22 19:12:54 -0700,2016-09-22 19:03:31 -0700,2016-09-22 19:12:47 -0700,55.4413,0.530238
2016-09-22 19:28:08 -0700,2016-09-22 19:19:52 -0700,2016-09-22 19:28:04 -0700,54.9962,0.543712
2016-09-23 07:12:36 -0700,2016-09-23 06:41:14 -0700,2016-09-23 07:12:15 -0700,392.537,3.33327
2016-09-23 08:38:53 -0700,2016-09-23 08:30:09 -0700,2016-09-23 08:37:51 -0700,55.9668,0.609465
2016-09-25 10:44:53 -0700,2016-09-25 10:14:24 -0700,2016-09-25 10:42:26 -0700,379.717,3.22415
2016-09-26 08:40:07 -0700,2016-09-26 08:30:13 -0700,2016-09-26 08:39:18 -0700,50.4667,0.555231
2016-09-26 11:32:20 -0700,2016-09-26 11:02:41 -0700,2016-09-26 11:24:02 -0700,154.248,1.65439
2016-09-26 16:01:09 -0700,2016-09-26 15:54:28 -0700,2016-09-26 16:00:30 -0700,42.0837,0.482733
2016-09-27 10:44:50 -0700,2016-09-27 10:19:04 -0700,2016-09-27 10:38:43 -0700,118.327,1.28139
2016-09-28 07:15:03 -0700,2016-09-28 06:55:58 -0700,2016-09-28 07:14:37 -0700,245.454,2.08264
2016-09-28 09:10:42 -0700,2016-09-28 09:02:05 -0700,2016-09-28 09:09:19 -0700,52.684,0.583822
2016-09-28 15:40:08 -0700,2016-09-28 15:33:29 -0700,2016-09-28 15:39:43 -0700,61.6444,0.743268
2016-09-28 16:33:45 -0700,2016-09-28 16:25:03 -0700,2016-09-28 16:33:26 -0700,49.7289,0.536242
2016-09-29 16:23:37 -0700,2016-09-29 16:16:41 -0700,2016-09-29 16:23:05 -0700,47.4787,0.529867
2016-09-30 07:23:11 -0700,2016-09-30 06:53:01 -0700,2016-09-30 07:22:30 -0700,399.697,3.39237
2016-09-30 08:42:24 -0700,2016-09-30 08:30:38 -0700,2016-09-30 08:38:02 -0700,49.2197,0.514219
2016-10-03 07:20:21 -0700,2016-10-03 06:49:59 -0700,2016-10-03 07:19:41 -0700,391.745,3.31554
2016-10-06 07:21:37 -0700,2016-10-06 06:51:11 -0700,2016-10-06 07:21:00 -0700,392.302,3.32052
2016-10-10 07:17:29 -0700,2016-10-10 06:44:44 -0700,2016-10-10 07:13:40 -0700,388.404,3.29656
2016-10-13 07:24:18 -0700,2016-10-13 06:52:29 -0700,2016-10-13 07:23:39 -0700,391.061,3.31476
2016-10-19 07:19:16 -0700,2016-10-19 06:49:43 -0700,2016-10-19 07:19:07 -0700,390.909,3.31191
2016-10-21 07:18:03 -0700,2016-10-21 06:47:20 -0700,2016-10-21 07:17:59 -0700,397.337,3.38847
2016-10-24 07:26:01 -0700,2016-10-24 06:56:11 -0700,2016-10-24 07:25:57 -0700,395.859,3.34893
2016-10-26 07:26:21 -0700,2016-10-26 06:54:25 -0700,2016-10-26 07:25:25 -0700,392.446,3.34333
2016-10-28 04:52:44 -0700,2016-10-28 04:18:26 -0700,2016-10-28 04:51:17 -0700,411.75,3.50183
2016-11-02 07:19:47 -0700,2016-11-02 06:46:19 -0700,2016-11-02 07:16:39 -0700,393.623,3.31969
2016-11-04 07:24:25 -0700,2016-11-04 06:54:34 -0700,2016-11-04 07:23:46 -0700,389.557,3.29651
2016-11-07 08:24:24 -0700,2016-11-07 07:54:10 -0700,2016-11-07 08:23:30 -0700,389.736,3.30314
2016-11-09 08:38:39 -0700,2016-11-09 08:09:57 -0700,2016-11-09 08:38:33 -0700,396.236,3.37469
2016-11-14 08:23:47 -0700,2016-11-14 07:50:38 -0700,2016-11-14 08:19:45 -0700,388.458,3.29071
2016-11-16 08:32:11 -0700,2016-11-16 08:03:57 -0700,2016-11-16 08:31:42 -0700,388.6,3.29455
2016-11-18 08:23:08 -0700,2016-11-18 07:54:29 -0700,2016-11-18 08:21:57 -0700,387.643,3.28903
2016-11-21 08:18:40 -0700,2016-11-21 07:49:02 -0700,2016-11-21 08:17:55 -0700,387.934,3.28838
2016-11-23 08:21:11 -0700,2016-11-23 07:47:43 -0700,2016-11-23 08:15:29 -0700,387.107,3.28088
2016-11-28 08:21:40 -0700,2016-11-28 07:53:03 -0700,2016-11-28 08:21:18 -0700,388.936,3.29659
2016-11-30 08:19:17 -0700,2016-11-30 07:50:47 -0700,2016-11-30 08:18:56 -0700,386.748,3.27847
2016-12-12 08:09:37 -0700,2016-12-12 07:40:53 -0700,2016-12-12 08:09:02 -0700,390.53,3.30576
2016-12-14 08:15:05 -0700,2016-12-14 07:46:50 -0700,2016-12-14 08:13:53 -0700,393.732,3.35364
2016-12-17 12:10:12 -0700,2016-12-17 11:41:06 -0700,2016-12-17 12:10:08 -0700,362.343,3.05826
2016-12-19 08:18:13 -0700,2016-12-19 07:47:58 -0700,2016-12-19 08:16:55 -0700,390.22,3.31052
2016-12-21 08:29:29 -0700,2016-12-21 08:00:29 -0700,2016-12-21 08:29:26 -0700,393.573,3.35641
2016-12-28 08:29:48 -0700,2016-12-28 08:01:18 -0700,2016-12-28 08:29:31 -0700,394.034,3.34609
2017-01-04 08:18:40 -0700,2017-01-04 07:50:09 -0700,2017-01-04 08:18:28 -0700,391.014,3.31349
2017-01-07 12:41:11 -0700,2017-01-07 12:00:01 -0700,2017-01-07 12:38:39 -0700,407.578,3.56731
2017-01-09 08:18:28 -0700,2017-01-09 07:49:32 -0700,2017-01-09 08:18:18 -0700,393.623,3.34955
2017-01-11 08:27:41 -0700,2017-01-11 07:59:14 -0700,2017-01-11 08:27:39 -0700,393.187,3.36338
2017-01-17 08:18:15 -0700,2017-01-17 07:49:28 -0700,2017-01-17 08:18:05 -0700,391.59,3.32211
2017-01-19 08:28:21 -0700,2017-01-19 07:53:35 -0700,2017-01-19 08:22:18 -0700,393.121,3.35012
2017-01-23 08:25:35 -0700,2017-01-23 07:57:20 -0700,2017-01-23 08:25:32 -0700,392.194,3.32771
2017-01-25 08:26:52 -0700,2017-01-25 07:58:16 -0700,2017-01-25 08:26:46 -0700,396.46,3.35934
2017-01-27 08:13:16 -0700,2017-01-27 07:44:33 -0700,2017-01-27 08:13:12 -0700,397.58,3.38058
2017-01-30 08:29:40 -0700,2017-01-30 08:00:11 -0700,2017-01-30 08:28:58 -0700,385.797,3.30623
2017-02-03 08:25:23 -0700,2017-02-03 07:55:43 -0700,2017-02-03 08:25:07 -0700,395.537,3.37641
2017-02-08 08:29:36 -0700,2017-02-08 08:00:26 -0700,2017-02-08 08:29:32 -0700,395.314,3.42849
2017-02-13 08:30:14 -0700,2017-02-13 07:59:30 -0700,2017-02-13 08:27:21 -0700,391.614,3.33497
2017-02-17 08:33:22 -0700,2017-02-17 08:06:07 -0700,2017-02-17 08:33:11 -0700,390.724,3.31157
2017-02-21 08:34:04 -0700,2017-02-21 08:06:46 -0700,2017-02-21 08:33:59 -0700,393.945,3.35901
2017-02-23 08:35:43 -0700,2017-02-23 08:08:33 -0700,2017-02-23 08:35:39 -0700,391.19,3.31443
2017-03-08 08:24:46 -0700,2017-03-08 07:57:45 -0700,2017-03-08 08:24:38 -0700,391.122,3.32693
2017-03-15 07:31:47 -0700,2017-03-15 07:04:19 -0700,2017-03-15 07:31:44 -0700,395.646,3.38115
2017-03-17 07:15:26 -0700,2017-03-17 06:48:05 -0700,2017-03-17 07:15:22 -0700,392.259,3.34285
2017-03-20 07:28:47 -0700,2017-03-20 07:01:11 -0700,2017-03-20 07:28:38 -0700,393.483,3.33415
2017-03-22 07:29:52 -0700,2017-03-22 07:02:44 -0700,2017-03-22 07:29:41 -0700,394.883,3.37452
2017-03-27 07:15:28 -0700,2017-03-27 06:47:42 -0700,2017-03-27 07:15:17 -0700,390.917,3.31875
2017-03-29 07:26:38 -0700,2017-03-29 06:59:54 -0700,2017-03-29 07:26:35 -0700,395.143,3.36247
2017-03-31 07:20:20 -0700,2017-03-31 06:53:10 -0700,2017-03-31 07:20:15 -0700,397.091,3.40445
2017-04-03 07:31:48 -0700,2017-04-03 07:04:30 -0700,2017-04-03 07:31:45 -0700,394.789,3.355
2017-04-05 07:33:54 -0700,2017-04-05 07:06:08 -0700,2017-04-05 07:33:44 -0700,393.637,3.35944
2017-04-10 07:34:54 -0700,2017-04-10 07:07:31 -0700,2017-04-10 07:34:29 -0700,392.982,3.3376
2017-04-14 07:15:06 -0700,2017-04-14 06:48:03 -0700,2017-04-14 07:15:02 -0700,394.527,3.35891
2017-04-17 07:29:35 -0700,2017-04-17 07:02:08 -0700,2017-04-17 07:29:31 -0700,393.937,3.33997
2017-04-19 07:29:37 -0700,2017-04-19 07:02:08 -0700,2017-04-19 07:29:32 -0700,392.803,3.32882
2017-04-24 07:27:42 -0700,2017-04-24 06:59:53 -0700,2017-04-24 07:27:38 -0700,392.702,3.33356
2017-04-26 07:23:17 -0700,2017-04-26 06:55:58 -0700,2017-04-26 07:23:09 -0700,398.468,3.38021
2017-04-28 07:35:58 -0700,2017-04-28 07:08:29 -0700,2017-04-28 07:35:53 -0700,392.999,3.33679
2017-05-01 07:32:32 -0700,2017-05-01 07:04:25 -0700,2017-05-01 07:32:28 -0700,409.006,3.47121
2017-05-03 07:24:51 -0700,2017-05-03 06:55:34 -0700,2017-05-03 07:24:46 -0700,419.322,3.55684
2017-05-05 07:24:18 -0700,2017-05-05 06:52:25 -0700,2017-05-05 07:24:14 -0700,458.88,3.89305
2017-05-08 07:20:09 -0700,2017-05-08 06:46:51 -0700,2017-05-08 07:20:05 -0700,483.249,4.09493
2017-05-10 07:18:38 -0700,2017-05-10 06:42:20 -0700,2017-05-10 07:18:34 -0700,515.235,4.41982
2017-05-12 07:24:10 -0700,2017-05-12 06:45:29 -0700,2017-05-12 07:24:06 -0700,547.264,4.63262
2017-05-15 07:21:01 -0700,2017-05-15 06:38:18 -0700,2017-05-15 07:20:48 -0700,573.908,4.88112
2017-05-18 07:19:43 -0700,2017-05-18 06:35:40 -0700,2017-05-18 07:19:40 -0700,605.21,5.13482
2017-05-22 07:21:04 -0700,2017-05-22 06:36:35 -0700,2017-05-22 07:20:56 -0700,602.001,5.12954
2017-05-24 07:20:21 -0700,2017-05-24 06:35:54 -0700,2017-05-24 07:20:07 -0700,598.744,5.09249
2017-05-26 07:13:28 -0700,2017-05-26 06:30:02 -0700,2017-05-26 07:13:24 -0700,602.344,5.10975
2017-05-31 07:16:56 -0700,2017-05-31 06:31:21 -0700,2017-05-31 07:16:41 -0700,602.794,5.11888
2017-06-02 07:17:28 -0700,2017-06-02 06:34:16 -0700,2017-06-02 07:17:25 -0700,605.46,5.1482
2017-06-05 07:12:00 -0700,2017-06-05 06:28:35 -0700,2017-06-05 07:11:45 -0700,603.345,5.11384
2017-06-09 07:20:01 -0700,2017-06-09 06:37:28 -0700,2017-06-09 07:19:56 -0700,604.975,5.13193
2017-06-11 10:04:20 -0700,2017-06-11 09:02:05 -0700,2017-06-11 10:04:13 -0700,755.861,6.39228
2017-06-14 07:14:06 -0700,2017-06-14 06:45:15 -0700,2017-06-14 07:14:02 -0700,428.605,3.50126
2017-06-16 07:14:09 -0700,2017-06-16 06:45:09 -0700,2017-06-16 07:14:05 -0700,435.931,3.58351
2017-06-21 07:23:11 -0700,2017-06-21 06:54:59 -0700,2017-06-21 07:23:06 -0700,431.611,3.52151
2017-06-23 07:25:06 -0700,2017-06-23 06:57:04 -0700,2017-06-23 07:25:00 -0700,433.861,3.54604
2017-06-28 07:22:52 -0700,2017-06-28 06:54:25 -0700,2017-06-28 07:22:47 -0700,434.458,3.55889
2017-06-30 07:24:10 -0700,2017-06-30 06:55:22 -0700,2017-06-30 07:24:06 -0700,434.08,3.5454
2017-07-05 07:14:14 -0700,2017-07-05 06:45:43 -0700,2017-07-05 07:14:04 -0700,432.573,3.5352
2017-07-17 07:23:20 -0700,2017-07-17 06:54:40 -0700,2017-07-17 07:23:16 -0700,429.74,3.51346
2017-07-21 07:15:13 -0700,2017-07-21 06:46:42 -0700,2017-07-21 07:15:08 -0700,431.726,3.51858
2017-10-03 07:19:01 -0700,2017-10-03 06:44:18 -0700,2017-10-03 07:18:28 -0700,422.311,3.49511
2017-11-19 22:54:03 -0700,2017-11-18 08:48:14 -0700,2017-11-18 09:10:51 -0700,285.542,2.3203
2017-11-22 08:23:39 -0700,2017-11-22 07:55:02 -0700,2017-11-22 08:20:06 -0700,316.59,2.59164
2017-11-24 09:32:36 -0700,2017-11-24 09:05:26 -0700,2017-11-24 09:32:32 -0700,351.19,2.87808
2017-11-27 08:23:43 -0700,2017-11-27 07:52:04 -0700,2017-11-27 08:23:39 -0700,412.973,3.3571
2017-11-29 08:28:15 -0700,2017-11-29 07:56:07 -0700,2017-11-29 08:28:10 -0700,414.093,3.38763
2017-12-01 08:12:14 -0700,2017-12-01 07:39:42 -0700,2017-12-01 08:12:09 -0700,417.845,3.40639
2017-12-04 08:15:53 -0700,2017-12-04 07:43:14 -0700,2017-12-04 08:15:47 -0700,412.042,3.37644
2017-12-06 08:21:15 -0700,2017-12-06 07:50:05 -0700,2017-12-06 08:21:09 -0700,411.999,3.35114
2017-12-13 08:26:42 -0700,2017-12-13 07:55:36 -0700,2017-12-13 08:26:35 -0700,408.654,3.33899
2017-12-15 08:19:48 -0700,2017-12-15 07:48:50 -0700,2017-12-15 08:19:11 -0700,412.269,3.35315
2017-12-22 08:28:24 -0700,2017-12-22 07:57:56 -0700,2017-12-22 08:28:19 -0700,410.604,3.34862
2018-01-09 12:43:55 -0700,2018-01-09 12:04:13 -0700,2018-01-09 12:42:58 -0700,512.268,4.06759
2018-01-11 12:33:29 -0700,2018-01-11 11:58:16 -0700,2018-01-11 12:28:41 -0700,416.862,3.26954
2018-01-30 12:28:55 -0700,2018-01-30 11:58:20 -0700,2018-01-30 12:28:18 -0700,413.77,3.24258
2018-02-20 12:23:34 -0700,2018-02-20 11:54:52 -0700,2018-02-20 12:23:28 -0700,420.419,3.28501
2018-02-27 12:21:55 -0700,2018-02-27 11:52:11 -0700,2018-02-27 12:21:38 -0700,419.556,3.36063
2018-03-08 12:23:19 -0700,2018-03-08 11:53:48 -0700,2018-03-08 12:23:05 -0700,424.326,3.3604
2018-03-13 11:30:25 -0700,2018-03-13 11:01:27 -0700,2018-03-13 11:30:20 -0700,416.789,3.26351
2018-03-20 11:25:05 -0700,2018-03-20 10:56:16 -0700,2018-03-20 11:25:00 -0700,423.915,3.3574
2018-03-22 11:29:27 -0700,2018-03-22 10:58:36 -0700,2018-03-22 11:27:54 -0700,421.169,3.32154
2018-03-27 11:22:09 -0700,2018-03-27 10:53:12 -0700,2018-03-27 11:22:04 -0700,427.918,3.40869
2018-04-03 11:24:06 -0700,2018-04-03 10:56:18 -0700,2018-04-03 11:24:01 -0700,407.973,3.21377
2018-04-05 11:25:00 -0700,2018-04-05 10:56:14 -0700,2018-04-05 11:24:52 -0700,418.453,3.29733
2018-04-10 11:25:23 -0700,2018-04-10 10:55:00 -0700,2018-04-10 11:24:44 -0700,427.183,3.3438
2018-04-12 11:24:41 -0700,2018-04-12 10:54:56 -0700,2018-04-12 11:24:36 -0700,426.895,3.34951
2018-05-08 11:20:03 -0700,2018-05-08 10:50:48 -0700,2018-05-08 11:19:59 -0700,425.104,3.33906
2018-05-10 11:20:14 -0700,2018-05-10 10:50:36 -0700,2018-05-10 11:20:09 -0700,422.878,3.30482
2018-05-15 11:27:02 -0700,2018-05-15 10:56:42 -0700,2018-05-15 11:26:54 -0700,424.314,3.32947
2018-05-17 11:22:51 -0700,2018-05-17 10:52:43 -0700,2018-05-17 11:22:40 -0700,426.455,3.33273
2018-08-28 11:23:38 -0700,2018-08-28 10:52:32 -0700,2018-08-28 11:23:34 -0700,417.037,3.28274
2018-09-06 11:24:04 -0700,2018-09-06 10:52:08 -0700,2018-09-06 11:23:58 -0700,425.273,3.34678
2018-09-11 11:22:51 -0700,2018-09-11 10:52:36 -0700,2018-09-11 11:22:47 -0700,422.975,3.29731
2018-09-13 11:24:11 -0700,2018-09-13 10:53:03 -0700,2018-09-13 11:24:01 -0700,421.896,3.29923
2018-09-18 11:28:30 -0700,2018-09-18 10:57:53 -0700,2018-09-18 11:28:26 -0700,421.235,3.34796
2018-09-20 11:27:40 -0700,2018-09-20 10:57:23 -0700,2018-09-20 11:27:36 -0700,422.937,3.32752
2018-09-25 10:52:37 -0700,2018-09-25 10:21:37 -0700,2018-09-25 10:52:18 -0700,426.617,3.35807
2018-09-27 11:22:49 -0700,2018-09-27 10:52:17 -0700,2018-09-27 11:22:46 -0700,430.67,3.42043
2018-10-04 11:42:44 -0700,2018-10-04 11:13:02 -0700,2018-10-04 11:42:28 -0700,416.797,3.25835
2018-10-09 11:26:32 -0700,2018-10-09 10:57:01 -0700,2018-10-09 11:26:28 -0700,424.78,3.35347
2018-10-11 11:21:39 -0700,2018-10-11 10:52:35 -0700,2018-10-11 11:21:34 -0700,423.215,3.30802
2018-10-16 11:25:13 -0700,2018-10-16 10:55:54 -0700,2018-10-16 11:25:08 -0700,423.891,3.35208
2018-11-01 11:26:55 -0700,2018-11-01 10:56:41 -0700,2018-11-01 11:26:52 -0700,425.188,3.39761
2018-11-08 12:51:36 -0700,2018-11-08 12:22:17 -0700,2018-11-08 12:51:24 -0700,421.875,3.35514
2018-11-13 12:22:28 -0700,2018-11-13 11:52:33 -0700,2018-11-13 12:22:25 -0700,426.983,3.32855
2018-11-15 12:22:16 -0700,2018-11-15 11:53:02 -0700,2018-11-15 12:22:12 -0700,420.666,3.28654
2018-11-20 12:27:29 -0700,2018-11-20 11:57:53 -0700,2018-11-20 12:27:25 -0700,429.859,3.4101
2019-01-08 12:14:21 -0700,2019-01-08 11:49:57 -0700,2019-01-08 12:12:47 -0700,318.869,2.52448
2019-01-15 12:35:00 -0700,2019-01-15 12:12:06 -0700,2019-01-15 12:34:56 -0700,316.77,2.48046
2019-01-17 12:24:09 -0700,2019-01-17 12:01:09 -0700,2019-01-17 12:24:05 -0700,316.644,2.47321
2019-01-22 12:16:31 -0700,2019-01-22 11:54:06 -0700,2019-01-22 12:16:26 -0700,309.412,2.44972
2019-01-24 12:16:01 -0700,2019-01-24 11:53:24 -0700,2019-01-24 12:15:57 -0700,316.055,2.46807
2019-01-29 12:16:57 -0700,2019-01-29 11:54:00 -0700,2019-01-29 12:16:53 -0700,322.55,2.5216
2019-01-31 12:14:13 -0700,2019-01-31 11:48:07 -0700,2019-01-31 12:14:05 -0700,365.782,2.86707
2019-02-26 12:14:41 -0700,2019-02-26 11:50:53 -0700,2019-02-26 12:14:38 -0700,337.888,2.6422
2019-03-05 12:16:56 -0700,2019-03-05 11:51:38 -0700,2019-03-05 12:16:52 -0700,353.66,2.77833
2019-03-14 11:29:17 -0700,2019-03-14 11:03:20 -0700,2019-03-14 11:22:51 -0700,280.212,2.19686
2019-04-16 11:10:04 -0700,2019-04-16 10:48:18 -0700,2019-04-16 11:09:59 -0700,317.095,2.49179
2019-04-18 11:18:22 -0700,2019-04-18 10:55:15 -0700,2019-04-18 11:17:46 -0700,319.159,2.49552
2019-04-23 11:14:50 -0700,2019-04-23 10:52:43 -0700,2019-04-23 11:14:46 -0700,321.008,2.54584
2019-04-25 10:56:57 -0700,2019-04-25 10:34:29 -0700,2019-04-25 10:56:53 -0700,316.957,2.47714
2019-04-30 11:16:40 -0700,2019-04-30 10:53:04 -0700,2019-04-30 11:16:34 -0700,333.374,2.6179
2019-05-02 11:19:24 -0700,2019-05-02 10:54:19 -0700,2019-05-02 11:19:19 -0700,356.288,2.77949
2019-05-07 11:21:18 -0700,2019-05-07 10:55:45 -0700,2019-05-07 11:21:14 -0700,362.614,2.82834
2019-05-14 11:17:26 -0700,2019-05-14 10:50:47 -0700,2019-05-14 11:17:22 -0700,376.528,2.94629
2019-05-16 11:45:22 -0700,2019-05-16 11:17:56 -0700,2019-05-16 11:44:57 -0700,380.613,2.97643
2019-05-21 11:23:11 -0700,2019-05-21 10:53:06 -0700,2019-05-21 11:23:07 -0700,420.276,3.30096
2019-06-27 10:53:22 -0700,2019-06-27 10:30:37 -0700,2019-06-27 10:53:18 -0700,320.895,2.51519
2019-07-04 08:32:09 -0700,2019-07-04 08:07:06 -0700,2019-07-04 08:26:59 -0700,281,2.17723
2019-07-10 10:14:18 -0700,2019-07-10 09:51:37 -0700,2019-07-10 10:14:14 -0700,316.403,2.47304
2019-07-16 11:48:52 -0700,2019-07-16 11:26:25 -0700,2019-07-16 11:48:48 -0700,320.706,2.57839
2019-07-18 09:33:33 -0700,2019-07-18 09:11:00 -0700,2019-07-18 09:33:23 -0700,317.863,2.49463
2019-07-22 11:11:25 -0700,2019-07-22 10:49:04 -0700,2019-07-22 11:11:21 -0700,318.704,2.51494
2019-07-25 11:08:37 -0700,2019-07-25 10:43:55 -0700,2019-07-25 11:08:29 -0700,355.175,2.77315
2019-07-30 11:23:19 -0700,2019-07-30 10:58:30 -0700,2019-07-30 11:23:15 -0700,356.519,2.78971
2019-08-01 11:19:57 -0700,2019-08-01 10:54:10 -0700,2019-08-01 11:19:53 -0700,371.096,2.89711
2019-08-06 11:10:39 -0700,2019-08-06 10:40:47 -0700,2019-08-06 11:10:07 -0700,423.393,3.3165
2019-08-08 09:47:20 -0700,2019-08-08 09:15:12 -0700,2019-08-08 09:45:16 -0700,425.672,3.3309
2019-08-29 10:14:14 -0700,2019-08-29 09:51:34 -0700,2019-08-29 10:14:11 -0700,320.461,2.51364
2019-09-06 07:10:17 -0700,2019-09-06 06:49:55 -0700,2019-09-06 07:10:09 -0700,279.847,2.20488
2019-09-10 11:17:26 -0700,2019-09-10 10:53:25 -0700,2019-09-10 11:17:22 -0700,329.204,2.56713
2019-09-12 11:19:51 -0700,2019-09-12 10:54:15 -0700,2019-09-12 11:19:48 -0700,350.574,2.74811
2019-09-19 11:25:42 -0700,2019-09-19 11:00:45 -0700,2019-09-19 11:25:38 -0700,347.637,2.71914
2019-09-24 11:21:13 -0700,2019-09-24 10:55:23 -0700,2019-09-24 11:21:09 -0700,360.669,2.81588
2019-10-03 11:24:35 -0700,2019-10-03 10:57:47 -0700,2019-10-03 11:24:26 -0700,377.227,2.94637
